 Angulos en rad caso linea 1 - 2, Angulos en rad caso linea 2 - 3, Angulos en rad caso linea 3 - 4, Angulos en rad caso linea 4 - 5, Angulos en rad caso linea 4 - 6, Angulos en rad caso linea 6 - 7, Angulos en rad caso linea 6 - 8, Angulos en rad caso linea 8 - 9, Angulos en rad caso linea 9 - 10, Angulos en rad caso linea 9 - 11, Angulos en rad caso linea 9 - 12, Angulos en rad caso linea 9 - 13, Angulos en rad caso linea 13 - 14, Angulos en rad caso linea 13 - 15, Angulos en rad caso linea 1 - 15, Angulos en rad caso linea 1 - 16, Angulos en rad caso linea 1 - 17, Angulos en rad caso linea 3 - 15, Angulos en rad caso linea 4 - 18 (Caso Paralelo), Angulos en rad caso linea 4 - 18, Angulos en rad caso linea 5 - 6, Angulos en rad caso linea 7 - 8, Angulos en rad caso linea 10 - 12, Angulos en rad caso linea 11 - 13, Angulos en rad caso linea 12 - 13, Angulos en rad caso linea 12 - 16, Angulos en rad caso linea 12 - 17, Angulos en rad caso linea 14 - 15, Angulos en rad caso linea 18 - 19, Angulos en rad caso linea 19 - 20, Angulos en rad caso linea 21 - 20, Angulos en rad caso linea 21 - 22, Angulos en rad caso linea 22 - 23, Angulos en rad caso linea 23 - 24, Angulos en rad caso linea 24 - 25 (Caso Paralelo), Angulos en rad caso linea 24 - 25, Angulos en rad caso linea 24 - 26, Angulos en rad caso linea 26 - 27, Angulos en rad caso linea 27 - 28, Angulos en rad caso linea 28 - 29, Angulos en rad caso linea 7 - 29, Angulos en rad caso linea 25 - 30, Angulos en rad caso linea 30 - 31, Angulos en rad caso linea 31 - 32, Angulos en rad caso linea 32 - 33, Angulos en rad caso linea 34 - 32, Angulos en rad caso linea 34 - 35, Angulos en rad caso linea 35 - 36, Angulos en rad caso linea 36 - 37, Angulos en rad caso linea 37 - 38, Angulos en rad caso linea 37 - 39, Angulos en rad caso linea 36 - 40, Angulos en rad caso linea 22 - 38, Angulos en rad caso linea 11 - 41, Angulos en rad caso linea 41 - 42, Angulos en rad caso linea 41 - 43, Angulos en rad caso linea 38 - 44, Angulos en rad caso linea 15 - 45, Angulos en rad caso linea 14 - 46, Angulos en rad caso linea 46 - 47, Angulos en rad caso linea 47 - 48, Angulos en rad caso linea 48 - 49, Angulos en rad caso linea 49 - 50, Angulos en rad caso linea 50 - 51, Angulos en rad caso linea 10 - 51, Angulos en rad caso linea 13 - 49, Angulos en rad caso linea 29 - 52, Angulos en rad caso linea 52 - 53, Angulos en rad caso linea 53 - 54, Angulos en rad caso linea 54 - 55, Angulos en rad caso linea 11 - 43, Angulos en rad caso linea 44 - 45, Angulos en rad caso linea 40 - 56, Angulos en rad caso linea 56 - 41, Angulos en rad caso linea 56 - 42, Angulos en rad caso linea 39 - 57, Angulos en rad caso linea 57 - 56, Angulos en rad caso linea 38 - 49, Angulos en rad caso linea 38 - 48, Angulos en rad caso linea 9 - 55
0.0,0.0,0.0,0.0,0.0,0.0,0.0,0.0,0.0,0.0,0.0,0.0,0.0,0.0,0.0,0.0,0.0,0.0,0.0,0.0,0.0,0.0,0.0,0.0,0.0,0.0,0.0,0.0,0.0,0.0,0.0,0.0,0.0,0.0,0.0,0.0,0.0,0.0,0.0,0.0,0.0,0.0,0.0,0.0,Inf,0.0,0.0,0.0,0.0,0.0,0.0,0.0,0.0,0.0,0.0,0.0,0.0,0.0,0.0,0.0,0.0,0.0,0.0,0.0,0.0,0.0,0.0,0.0,0.0,0.0,0.0,0.0,0.0,0.0,0.0,0.0,0.0,0.0,0.0,0.0
-0.21362155821070306,-0.00084,-0.022673756766577614,-0.027025441221208348,-0.026989217349625717,-0.027985707762434784,-0.02870839492311117,-0.01774813362576427,-0.02704538663104297,-0.027300273713521967,-0.027335884144207574,-0.027389460554054158,-0.02728798890634323,-0.0268544230091522,-0.05029724931358706,-0.03291221778779631,-0.033986515575197794,-0.02116016583243359,-0.027305968792237803,-0.027239186238203487,-0.027393135200899706,-0.0290215943012005,-0.02782778104928574,-0.027497928664767392,-0.02713679813806889,-0.02964011239399557,-0.03078946760654396,-0.026788310361909578,-0.02719314956313351,-0.02735590424374869,-0.027469339324177458,-0.027469339324177458,-0.027534968944322773,-0.027446244060589015,-0.027406491642759375,-0.027407330043076886,-0.02721746145889916,-0.027217461458899174,-0.027057469314288228,-0.026978333414803247,-0.026240102506003324,-0.027374287338109315,-0.02739633396168709,-0.027431853521895814,Inf,-0.02746492345726256,-0.027464923457262546,-0.027501667829892256,-0.027428767236271287,-0.027408726037971932,-0.027412656732623084,-0.027413632121790824,-0.027651969213337124,-0.02742997888073409,-0.027428814152417116,-0.02743563931605951,-0.027369078061737277,-0.027346764875435005,-0.0275291304332306,-0.027529130433230523,-0.027452146034576606,-0.02741759158838125,-0.027316067276873298,-0.027539436064683342,-0.027730895025663352,-0.02756644952638419,-0.027120139882504585,-0.027197272927108627,-0.027512101680594404,-0.027576641575058992,-0.02743828362045133,-0.027346764875434946,-0.02741363212179082,-0.027428001520590665,-0.02742122462657591,-0.027412656732623077,-0.02742653669746076,-0.027434448077223488,-0.027481156257997973,-0.027683683351244208
-0.2110715582107032,-0.20791717975950522,-0.08895480409368829,-0.10651695921416231,-0.10637077001813236,-0.11039232061268324,-0.11330887951112727,-0.06907639641826299,-0.10659745318956632,-0.10762610462957085,-0.10776981815340919,-0.1079860372360043,-0.10757652665774237,-0.10582677857264998,-0.2004353275869764,-0.1302743075007495,-0.1346098664284769,-0.0828463835380356,-0.10764908834010253,-0.10737957303274971,-0.10800086706077382,-0.11457286271555917,-0.10975497352033173,-0.10842378353995417,-0.1069663639143495,-0.117069025018625,-0.12170749426926673,-0.10555996681770655,-0.10719378216550315,-0.1078506135551287,-0.10830840512971623,-0.10830840512971623,-0.1085732675253027,-0.10821519924452,-0.10805476984399322,-0.10805815338813178,-0.10729189803055739,-0.10729189803055744,-0.10664621544694897,-0.10632684556688457,-0.10334755654208491,-0.10792480247165545,-0.10801377634538013,-0.10815712314193678,Inf,-0.10829058395252399,-0.10829058395252388,-0.10843887374206522,-0.10814466777495207,-0.1080637872246725,-0.1080796503852289,-0.10808358677722738,-0.10904544718239632,-0.10814955762581971,-0.108144857115112,-0.10817240152552594,-0.10790377932058262,-0.10781372967586275,-0.10854970496268068,-0.10854970496268034,-0.10823901792525562,-0.10809956605311011,-0.10768984293881011,-0.10859129554675781,-0.10936396921071277,-0.10870031416005052,-0.10689913595439357,-0.10721042288440272,-0.10848098178239889,-0.1087414463564881,-0.10818307318253577,-0.10781372967586253,-0.10808358677722733,-0.108141577565241,-0.10811422795725284,-0.1080796503852289,-0.10813566595760954,-0.1081675940259377,-0.10835609489834902,-0.10917343638180699
-0.22560624376581584,-0.2226628397031119,-0.28137263732601914,-0.1261831118709228,-0.12587548734109472,-0.13437121267911287,-0.14038987041547724,-0.04911771280084272,-0.12705568631427816,-0.12811595597097608,-0.12901404109073478,-0.12918310868499572,-0.12943738625537599,-0.12966710624359776,-0.22342632380730743,-0.15525516471195328,-0.16028689203227983,-0.10904174316185951,-0.128487069951767,-0.1278737397945493,-0.12930568498862566,-0.14262948464021424,-0.13185181285841588,-0.13041038277902778,-0.12841018363634385,-0.13992948658242907,-0.14531276307388316,-0.1302073589989288,-0.1274509395353087,-0.12894567652602565,-0.129987462913495,-0.129987462913495,-0.13078006948307272,-0.1298196158153147,-0.1293976066816125,-0.12940613714064608,-0.1273558329502449,-0.12735583295024497,-0.12563405825355356,-0.12478242775841586,-0.11832249595374104,-0.12906993803003475,-0.12929425547759574,-0.1296556558097776,Inf,-0.12999213198111928,-0.12999213198111914,-0.13036599439372104,-0.1298642801518792,-0.12988764587814672,-0.12952464329229968,-0.1295229393281862,-0.13183406369370193,-0.12953489989818096,-0.1295341129847591,-0.12953872419992213,-0.13082755381516342,-0.1314053761823299,-0.13122044517635487,-0.13122044517635453,-0.13003418792103186,-0.1295222140214171,-0.12927997617283277,-0.12981604908967725,-0.13027554016125806,-0.13042688513075293,-0.12711617236231096,-0.12773798608746806,-0.1302760012921905,-0.13079629440915858,-0.12954051074412068,-0.13140537618232964,-0.12952293932818623,-0.12953356395467033,-0.1295289853514197,-0.12952464329229965,-0.1295309868259744,-0.12960109695266941,-0.12999727368443,-0.13165921957876445
-0.2341902066204496,-0.23154690483070528,-0.26966913958671784,-0.1666712106254394,-0.1539452591293443,-0.1569211397916281,-0.16790403404025614,-0.0013591775486040767,-0.14387675338943337,-0.14500109149697393,-0.14711629647351854,-0.14720699527946135,-0.14852108275859185,-0.15161968743354964,-0.24373379621936986,-0.17885769823268932,-0.18491085688468684,-0.13409096037758197,-0.14726642230100193,-0.14688853048036557,-0.14646568498862567,-0.17147942361354973,-0.15123533204774428,-0.14967626209644583,-0.14684255712699434,-0.16042093581261502,-0.1668970074667175,-0.15311865718069925,-0.14662803006660055,-0.14754898410113984,-0.1481908611555157,-0.1481908611555157,-0.15060836498934507,-0.14853715151222527,-0.14765254266867184,-0.1476692692307682,-0.1432632211397813,-0.14326322113978138,-0.13958130336120686,-0.13776013972879358,-0.12553950330922226,-0.14701004851613397,-0.14744989116716653,-0.14815852654938588,Inf,-0.14881829052593493,-0.14881829052593482,-0.1495513616109893,-0.14883908144980426,-0.1491419620351688,-0.14797437347334338,-0.14795788013355768,-0.15104911616943245,-0.14780673968998445,-0.14781771052480466,-0.1477534227919031,-0.1508525932103296,-0.15216170950269753,-0.15067996895134744,-0.15067996895134705,-0.1487371370834486,-0.14790674405944804,-0.1480367319186642,-0.14775718352494457,-0.14751757061604182,-0.14884365598487448,-0.14361766043389348,-0.14472382998900815,-0.1492388077649859,-0.15016437820906134,-0.14772851550127228,-0.15216170950269722,-0.14795788013355768,-0.14782536488454492,-0.14788919795509858,-0.14797437347334336,-0.14783425415694498,-0.14796431732104914,-0.14848504309901883,-0.15169947065289413
-0.230025631006677,-0.2275280606994835,-0.2556528501542237,-0.15833821062543943,-0.1592431104295472,-0.15953852106369035,-0.1729320786489556,0.030165656615551276,-0.14371216550698981,-0.14486761564255315,-0.14757386139803702,-0.14762650384541007,-0.14945524143932015,-0.1539469939053369,-0.24526222789825783,-0.1819862315560164,-0.18853540345316622,-0.1379220120709745,-0.148052789616047,-0.14778922807855358,-0.14915293595278553,-0.17715612882711645,-0.15231508644195602,-0.15069888985588903,-0.14746042940540866,-0.1620387077493948,-0.16904544735748028,-0.15591152243411957,-0.14760754145338695,-0.14824986300693388,-0.14869754166546656,-0.1486975416654665,-0.15190410545867886,-0.14929350028625535,-0.14818425021996354,-0.14820495685938034,-0.1426549452530334,-0.14265494525303354,-0.13802117011424142,-0.13572919531440886,-0.12071112582048243,-0.14738887489612607,-0.14793337789217767,-0.1488106327191501,Inf,-0.1496273872132279,-0.14962738721322774,-0.15053489220664748,-0.14972035995887234,-0.1501589746538439,-0.14860067426580473,-0.14857699911556002,-0.15204706210651062,-0.14834665583130727,-0.14836333629993287,-0.14826559082028168,-0.15224387370449738,-0.15390811075902755,-0.1517966316329916,-0.15179663163299115,-0.14948640254792514,-0.14850138326731002,-0.14881212618614748,-0.1481365071408584,-0.14755740510203905,-0.14945395152842905,-0.1432978830504725,-0.14463925873210445,-0.15011426151427518,-0.15123663708462018,-0.14822772084167712,-0.15390811075902724,-0.14857699911556,-0.14837497427549157,-0.14847202846946075,-0.14860067426580473,-0.14838943170175714,-0.14854860842417897,-0.14912981597383054,-0.15309813803055852
-0.2023955192158008,-0.20018397549247258,-0.20830955786981764,-0.1372812028076877,-0.13793193386197317,-0.11232646335393989,-0.1268607613749597,0.09512122760017441,-0.12411700392271843,-0.12531716812299995,-0.12904073498607177,-0.12902973273159335,-0.13175615123174816,-0.13893077065533907,-0.22910291534197355,-0.1685151668159779,-0.17600752619848323,-0.12610323454309774,-0.13018609132870768,-0.13017416639583906,-0.1306758930877582,-0.2186960994692654,-0.13493610014900892,-0.13317115984021363,-0.12919676207417602,-0.14569487449545798,-0.1537106987962765,-0.14199294014615746,-0.1301659459216809,-0.13019500798239997,-0.1302152633580526,-0.1302152633580526,-0.13614731835678304,-0.13159123209125748,-0.12966017649143874,-0.12969599723750488,-0.12001292157440094,-0.120012921574401,-0.11193185507202658,-0.10793476841493815,-0.07946646481108965,-0.12828424402219896,-0.12922618844694056,-0.1307437655756914,Inf,-0.13215668221280424,-0.13215668221280405,-0.13372658958737382,-0.13215019196993028,-0.1327505198453164,-0.1303357246717845,-0.1303028748404699,-0.13552789696793713,-0.1300120083334285,-0.13003315141139654,-0.12990925559385869,-0.1359961925976089,-0.13856989191898206,-0.1352095383549115,-0.1352095383549111,-0.13170340706248854,-0.13020951227045374,-0.130744659983003,-0.12957955163060764,-0.1285808873285542,-0.1315812172388544,-0.11989511966005638,-0.12255390478107511,-0.1334060889484977,-0.13563078670281942,-0.1298612540701451,-0.13856989191898175,-0.13030287484046998,-0.13004790295286403,-0.13017092254159787,-0.13033572467178445,-0.13006431979369015,-0.13027213191628492,-0.13113801110383028,-0.13932052931974348
-0.14106456676876597,-0.1389963323111307,-0.1383077661848744,-0.07939925068823168,-0.07993695037849034,-0.06627113511257682,-0.05152253468276301,0.22750436988475614,-0.06622296253483165,-0.06749780087207335,-0.07218734807552835,-0.0721091347632154,-0.07564474453187284,-0.08432809227086345,-0.17256918721322956,-0.11477428714406529,-0.12283620285860311,-0.0723159343288906,-0.07359918410204871,-0.0736262452145698,-0.07394127697224248,-0.03263083304453891,-0.07887527561276395,-0.07715289264147382,-0.0726228147413915,-0.09021923527365845,-0.09884440881333653,-0.08735229883577524,-0.07364489984169856,-0.07357894964273988,-0.07353298435255654,-0.07353298435255654,-0.07706822176775176,-0.07437264326506855,-0.07324762492764963,-0.07326767168672627,-0.06754933444000286,-0.06754933444000295,-0.06278956801819702,-0.060435274949346765,-0.0506760739888468,-0.07247759666900716,-0.07300474741320216,-0.07385404583440548,Inf,-0.07464477195069821,-0.07464477195069802,-0.0755233565243566,-0.07535937984232373,-0.07637544254386727,-0.07381812301696491,-0.07376494326486896,-0.07663558228469243,-0.07314025737715533,-0.07318519663977201,-0.07292185812823418,-0.07884009467715218,-0.08119018132904686,-0.07724530620548653,-0.07724530620548602,-0.07465801785168695,-0.07356581762065298,-0.07463018335837367,-0.07229944867803033,-0.07030167609487856,-0.07390574004860397,-0.0712928633109715,-0.07187571852766311,-0.07425471941211786,-0.07474241459343112,-0.07281983168329402,-0.0811901813290466,-0.07376494326486889,-0.073216550797242,-0.07347802689894553,-0.07381812301696491,-0.07326262485107314,-0.07352199856322926,-0.07399990144624542,-0.07555127489414608
-0.22309597965541988,-0.22125471647306544,-0.20590370719808315,-0.16680246243062857,-0.1671528039308846,-0.15788003716277405,-0.14958741603169656,-0.27542681148668124,-0.154040794678109,-0.15540344742850837,-0.1613570757784596,-0.16119299392225023,-0.16580078732317313,-0.17677778844358522,-0.2627518840954255,-0.20853783989936842,-0.21744530592927636,-0.16651532694994847,-0.16323024056013807,-0.16336978822734027,-0.16324628649328193,-0.14194281317737031,-0.16917540084995725,-0.16745220590331528,-0.16215096810253218,-0.1814074036429017,-0.19093720313810106,-0.1800843970384801,-0.16346598566549925,-0.1631258963063158,-0.1628888643287031,-0.1628888643287031,-0.16482005404439906,-0.1634192729018989,-0.16286134946505226,-0.162870015589664,-0.15991461150379757,-0.1599146115037976,-0.1574737646683301,-0.15626646408304515,-0.1613121652903704,-0.16252846968042248,-0.16275635459792462,-0.16312350252056718,Inf,-0.1634653298968206,-0.16346532989682044,-0.16384513809265755,-0.1648728507895945,-0.16635234300347437,-0.16340231408278447,-0.16332610231963726,-0.16435187246480082,-0.16234953690309947,-0.16241960303189612,-0.16200902419743968,-0.1683738936840372,-0.17076558330447983,-0.16587094270280825,-0.16587094270280772,-0.16385448608787237,-0.1630159086978834,-0.16467562088982304,-0.1610350021256063,-0.15791447175627749,-0.16244518314876266,-0.1673019509928957,-0.1661909942825159,-0.16165647709729186,-0.16072690107432097,-0.16184995176020767,-0.1707655833044795,-0.16332610231963726,-0.16246848822287788,-0.16287616331927285,-0.16340231408278447,-0.16254482636934822,-0.162870019406981,-0.16304258705879374,-0.1591851652313451
-0.2451374907669045,-0.24354298356381876,-0.221702946237432,-0.1955484716713215,-0.19577463327070715,-0.1896772251649865,-0.18472186322649436,-0.2598998517417074,-0.21350213698231216,-0.19021531719833396,-0.19283603102330524,-0.19240400406442046,-0.19559457743505887,-0.2064820929252523,-0.2862105608168647,-0.24722006870133897,-0.25780678738501794,-0.1988204853889701,-0.19350502719532062,-0.19374988237169413,-0.19325279606024015,-0.18119626946827633,-0.21879736604006894,-0.19479885873473374,-0.1945315630723871,-0.21497495034239017,-0.22630132599499367,-0.21064500103495326,-0.19391867373280586,-0.19332194114891482,-0.19290603662074832,-0.19290603662074832,-0.19336647367759674,-0.19315414000033237,-0.19307949864183513,-0.19308016098486594,-0.19263819102405855,-0.19263819102405869,-0.19228032786333135,-0.1921033202784555,-0.1960000074664138,-0.1930540569807337,-0.1930714739916454,-0.19309953473144795,Inf,-0.19312566024781586,-0.19312566024781572,-0.19315468859933554,-0.19357605759123184,-0.19401374846306904,-0.1932126941748942,-0.19319026114053833,-0.19286167392366294,-0.19289515212627487,-0.19291630932530968,-0.1927923307600699,-0.1997535474390268,-0.20271579136616388,-0.19900475305494442,-0.19900475305494375,-0.1948595555864522,-0.1931551619642052,-0.2018755857173554,-0.18286028436277063,-0.16656145463026922,-0.19751880165742047,-0.19543872598923295,-0.1948329937393907,-0.19236061720942182,-0.19185378002077821,-0.19274429717703534,-0.20271579136616347,-0.19319026114053833,-0.19293107071905613,-0.19305417247027523,-0.19321269417489415,-0.1929545114059005,-0.19268341930927674,-0.19273074673068208,-0.19101317200058915
-0.2331549706446609,-0.23138697970711275,-0.20545392661924006,-0.17804537653510963,-0.1782846247113018,-0.1718632894385045,-0.16651800037662362,-0.24761689841384207,-0.17089114988178272,-0.1875931082615082,-0.17456972095583045,-0.17489526891055793,-0.17892096010732525,-0.19197809206957844,-0.2800490940985267,-0.21997966115148965,-0.22868980445922563,-0.18233720624008748,-0.17580909138022863,-0.1760241459469338,-0.17561686433599413,-0.1624229100865336,-0.17901044923360565,-0.1872441049290189,-0.17339581539220622,-0.1934502321307354,-0.20276892265601773,-0.1954768589442538,-0.17617239420357725,-0.17564828820276404,-0.17528300220219717,-0.17528300220219717,-0.17604038454413043,-0.1755831938722361,-0.1754848362165365,-0.17548217241612793,-0.174568321538269,-0.1745683215382691,-0.17387393011553398,-0.17353046769138544,-0.17748679998611724,-0.17558715707459072,-0.17551710962391,-0.1754042553978136,Inf,-0.1752991842217928,-0.1752991842217926,-0.17518243847065834,-0.17919565683125518,-0.18284008877597646,-0.17647842766883998,-0.17629212660681395,-0.17555884557364212,-0.17380821936210825,-0.17398622974459424,-0.17294311095642373,-0.1809717589613687,-0.18342884698629408,-0.177361295575389,-0.17736129557538852,-0.1760178571024469,-0.1754628901282118,-0.175812469844276,-0.1750154802717041,-0.17433234635235645,-0.1731436325543293,-0.17804136167800694,-0.17737167887174302,-0.17463827966250178,-0.17407793282460737,-0.17253897066951218,-0.1834288469862937,-0.17629212660681395,-0.17411042772290447,-0.17514616925858695,-0.17647842766883992,-0.17430929248322943,-0.17533279822535336,-0.17538892103722142,-0.17314857709346568
-0.21672465184758843,-0.2153676125755662,-0.19220862253474058,-0.17412143061252278,-0.17427717144472524,-0.17006874918056467,-0.16669059540728207,-0.21793893570179285,-0.17564227031837804,-0.17202337136847345,-0.1732312046331291,-0.17234761216611338,-0.175333636934904,-0.18613482603728504,-0.25528163257899367,-0.23684678957095504,-0.2494456387304656,-0.17873970437276346,-0.17273627687305954,-0.17291786682229326,-0.17254056794128503,-0.16438404970697693,-0.16805580411463844,-0.17258068160926643,-0.17657028288310836,-0.1984731069906032,-0.21195219363064963,-0.18893614648963736,-0.1730430461840259,-0.17260049626035362,-0.17229205237415787,-0.17229205237415782,-0.17254738474209372,-0.17245597162940193,-0.1724340095238171,-0.1724336274969918,-0.17224951609515954,-0.1722495160951596,-0.17210787208033063,-0.17203781159987763,-0.17477619641702652,-0.1724486837886116,-0.17243863798896697,-0.17242245308953982,Inf,-0.17240738439007317,-0.17240738439007305,-0.17239064139066565,-0.17297225122075477,-0.17350065013798188,-0.17257812754914356,-0.17255111587991662,-0.17218233044123343,-0.17219099280080108,-0.172216801225319,-0.17206556705497522,-0.17658780539429064,-0.17843683038483452,-0.17369190176982124,-0.17369190176982083,-0.17280631969485072,-0.17245561179903396,-0.17430848840487534,-0.17023899322715508,-0.1667508545033947,-0.17099430878760793,-0.17400866811544302,-0.1736011342019646,-0.17193773047348043,-0.1715967327091412,-0.1720069737080943,-0.17843683038483424,-0.1725511158799166,-0.17223480778259811,-0.17238497237901418,-0.1725781275491436,-0.1722636388981373,-0.17223630568809875,-0.17203438316997158,-0.17103117544145685
-0.2240547564591899,-0.22235385456037857,-0.18769802038706299,-0.17014334506624398,-0.17029137554071086,-0.16624673303049237,-0.16319500607086823,-0.2094830085290389,-0.1675343161196504,-0.1705132057827057,-0.16829197869438725,-0.16903701855127765,-0.17281644394647114,-0.18790675014786004,-0.2768151829712274,-0.21254286154396693,-0.22115003208601966,-0.17821044186270205,-0.16893117287775772,-0.16916530975176297,-0.1686407471413407,-0.1615664608598335,-0.16981588877377063,-0.1671859097360305,-0.16543412357188392,-0.18632706785408465,-0.1955355912670667,-0.19111460639841132,-0.16932671243164538,-0.16875610124882895,-0.1683584025456538,-0.1683584025456538,-0.16829312732945087,-0.16847779475226463,-0.16857654680968687,-0.16857375151702897,-0.16897863761488494,-0.16897863761488496,-0.16933119201611088,-0.16950557376295383,-0.17236420064968644,-0.1686839184965243,-0.16861041331799786,-0.16849198830815001,Inf,-0.16838173054036068,-0.16838173054036043,-0.16825922190948328,-0.169061721155087,-0.16965827117871815,-0.1687058799869652,-0.1686755253627436,-0.167865103182835,-0.16826124245676533,-0.1682909128471554,-0.16811704803524877,-0.17298293063224682,-0.17496059114531992,-0.1678531243230575,-0.16785312432305707,-0.16833021492473355,-0.1685558892633835,-0.16803900886405956,-0.16911015010696367,-0.17002827117230981,-0.16365209334448283,-0.1698632686087108,-0.16952049279824238,-0.1681214078575542,-0.16783459544471316,-0.16804968679531695,-0.17496059114531964,-0.1686755253627436,-0.16831161390094046,-0.1684842490881574,-0.16870587998696518,-0.16834522893755832,-0.1683495723293138,-0.1678778982931493,-0.16735890656487956
-0.2210135313342829,-0.2192331232260574,-0.17607405145429703,-0.16394754022363836,-0.16404412402933488,-0.16132330084458008,-0.15962454393882006,-0.18537496920445207,-0.16217526882889188,-0.1642183252045208,-0.16264527674143492,-0.1632107904649845,-0.15606639877911643,-0.1707373085605482,-0.28166192044338667,-0.19978425476368433,-0.20699849271744505,-0.17518562119316985,-0.16335019341040086,-0.16361703431231606,-0.1629671567820447,-0.1595975299848545,-0.16459662809874553,-0.16212154082969427,-0.16048272785508777,-0.17781106707076352,-0.18552933857235085,-0.2086073401656434,-0.16380098157331147,-0.1631506679338539,-0.1626974190336259,-0.1626974190336259,-0.16207096530830786,-0.162704796615842,-0.16297394916682237,-0.162968932494387,-0.16431632611240432,-0.16431632611240443,-0.16544116532964617,-0.16599753741559375,-0.16833252445799593,-0.16316664762370273,-0.16303472891317525,-0.16282219321288133,Inf,-0.16262431514709044,-0.16262431514709025,-0.16240445062954484,-0.16242485417599498,-0.16215105030127033,-0.16282565520809303,-0.16283996286558924,-0.1616428632315521,-0.16300955778490658,-0.16299736081175709,-0.163068833563364,-0.1670031904774351,-0.16882825967660078,-0.1517493697718299,-0.1517493697718295,-0.15956168156426326,-0.16287091082481975,-0.1616480089246794,-0.16435216900031382,-0.16667002049371454,-0.16320639578143822,-0.16344724360658258,-0.16330548012440174,-0.16272685366652034,-0.16260823524265466,-0.16309652457868168,-0.16882825967660042,-0.16283996286558922,-0.16298885097437846,-0.16291788369975144,-0.16282565520809303,-0.1629762614473246,-0.16290312924869732,-0.1612810389796045,-0.16241150224697537
-0.18790406273472016,-0.18603417492313465,-0.1297529865447102,-0.12707395017656217,-0.12709296684436952,-0.12652173522137705,-0.12631412733489372,-0.12945299682371691,-0.12604519619290805,-0.1275105265253988,-0.12662924948044144,-0.12701516053074566,-0.1254523553439605,-0.12001548611506498,-0.26022786254748087,-0.1542779686671633,-0.15963890713566387,-0.14320896284209877,-0.12704016713740235,-0.12714211595854658,-0.12688091961519726,-0.12675815320080566,-0.12831083232369594,-0.1265149162030402,-0.1251599202773339,-0.13794957640541988,-0.1436850648753589,-0.11845483258966048,-0.1272123945638003,-0.12696393674327533,-0.12679076917139426,-0.12679076917139426,-0.12641563935674932,-0.1267619342539572,-0.12690504952939308,-0.12690256686278953,-0.12763633237594801,-0.12763633237594804,-0.12824608298291215,-0.12854768005732453,-0.12921130044747864,-0.12700041274666474,-0.12693512840107163,-0.12682994806650522,Inf,-0.12673202154811583,-0.1267320215481157,-0.12662321430546075,-0.12649150805360077,-0.1262217346551001,-0.12679366878476955,-0.12680761917791714,-0.12626676546621152,-0.12698274371155732,-0.126970171305493,-0.12704384404746996,-0.12439390449056706,-0.12329448210538217,-0.12570920216924597,-0.1257092021692456,-0.12652069689104384,-0.1268552828546074,-0.12601085541381918,-0.1278642149657472,-0.12945280886739963,-0.12729769069279612,-0.12683765011787224,-0.12684526893305254,-0.1268763661378695,-0.126882741064857,-0.1270723874151269,-0.12329448210538195,-0.1268076191779171,-0.12696139952828614,-0.12688824782228825,-0.12679366878476955,-0.1269478866026925,-0.12693949882387703,-0.1269156788081073,-0.126893314114495
-0.18046234695650268,-0.17948932193027026,-0.1628838504773984,-0.14991496243014166,-0.1500266318051284,-0.1470091066174603,-0.14458690098816607,-0.1813330134165309,-0.15100543573124223,-0.14841061086636106,-0.14927665212121338,-0.14864309817688606,-0.15078413925718842,-0.15852881365708577,-0.20810849394804282,-0.271805789570955,-0.20392396651053224,-0.15322635955721986,-0.14892177875339455,-0.1490519824761309,-0.14878145143022875,-0.14293306035376693,-0.14556578366730072,-0.14881021375394674,-0.15167083979784307,-0.08858,-0.177040396407636,-0.16053741794940934,-0.1491417386491797,-0.14882442126569043,-0.14860326066507665,-0.14860326066507665,-0.14878633921639856,-0.14872079413733655,-0.14870504685661787,-0.1487047729355389,-0.14857276127950877,-0.1485727612795088,-0.1484711996120714,-0.1484209648088228,-0.1503844429582578,-0.14871556860582663,-0.14870836556118067,-0.14869676065591791,Inf,-0.1486859560889491,-0.14868595608894897,-0.14867395101453917,-0.1490909772066672,-0.14946985008153235,-0.14880838244038844,-0.14878901451884027,-0.14852458778591754,-0.14853079887561785,-0.14854930404599975,-0.1484408660401145,-0.15168340379820347,-0.15300919268804708,-0.14960698142910955,-0.14960698142910925,-0.14897200089502002,-0.14872053613157324,-0.15004908670868194,-0.14713117509500157,-0.14463010799756112,-0.14767275186302553,-0.14983410940404202,-0.14954189921895128,-0.14834920458592749,-0.14810470218615765,-0.14839885340712647,-0.15300919268804686,-0.14878901451884027,-0.148562215117352,-0.1486698862167662,-0.14880838244038844,-0.14858288761927008,-0.1485632891463569,-0.14841850655417382,-0.14769918601092977
-0.10984565296006808,-0.10933499009812245,-0.10062010882840408,-0.09381377876708175,-0.0938723850732764,-0.09228872791463759,-0.09101750628566715,-0.1103025960132182,-0.0943860808166719,-0.09302426518395515,-0.09347878083755379,-0.09314627914264897,-0.09426994003125307,-0.098334498996609,-0.12435490006456908,-0.1174177465981294,-0.32462563873046574,-0.09555166575699806,-0.09329253624491438,-0.09336086974497447,-0.0932188896782536,-0.09014953786882754,-0.09153124336021234,-0.09323398471707585,-0.09473529808841706,-0.10297747580134198,-0.04536,-0.09938865442815624,-0.09340797556750798,-0.0932414411014571,-0.09312537162511864,-0.09312537162511864,-0.09322145488552654,-0.09318705552604671,-0.09317879104032141,-0.09317864728109795,-0.09310936494173251,-0.09310936494173254,-0.0930560633612394,-0.0930296991386299,-0.09406017147400303,-0.0931843130633103,-0.0931805327623987,-0.09317444227759684,Inf,-0.0931687718262296,-0.09316877182622955,-0.09316247132471038,-0.09338133495415163,-0.09358017496481544,-0.09323302360734323,-0.09322285893739021,-0.09308408253537703,-0.09308734223862893,-0.0930970541196322,-0.09304014370013004,-0.09474189192537762,-0.0954376922702513,-0.09365214422000238,-0.09365214422000226,-0.09331889382245256,-0.0931869201194971,-0.09388416985270569,-0.09235279187642072,-0.09104018218246211,-0.09263702212216607,-0.09377134549291934,-0.09361798778331766,-0.09299203794820864,-0.0928637182320113,-0.09301809463579858,-0.09543769227025119,-0.09322285893739021,-0.09310383010634356,-0.09316033803809591,-0.09323302360734323,-0.09311467944598893,-0.09310439377809988,-0.09302840899775933,-0.09265089528807438
-0.29883225537841357,-0.29600476864730146,-0.3449589812346549,-0.20372919355495953,-0.2034708964123702,-0.21051602605777986,-0.21588500874054806,-0.13444691193368544,-0.20434243151537304,-0.205338594526072,-0.20603639274763677,-0.20622776680202304,-0.2063534354917436,-0.20744383047152204,-0.3026011664500902,-0.23354077043319124,-0.23882202008707404,-0.18919336546631602,-0.2552833760717427,-0.28401430787849247,-0.2063510641654734,-0.21888266355706143,-0.20905050270982062,-0.20738133544380866,-0.2053450425091313,-0.21745509504492025,-0.2231053271217653,-0.20923534829904403,-0.19335225933226302,-0.20284237703363983,-0.2094567014921752,-0.20945670149217513,-0.20680860262299855,-0.20660066019313814,-0.2064211959791081,-0.2064288210003052,-0.20593153834467176,-0.2059315383446718,-0.20545118548005045,-0.20521359159002273,-0.20029638709613412,-0.20612830665110773,-0.20632881465258587,-0.2066518553216344,Inf,-0.206952617323852,-0.20695261732385187,-0.20728679732631589,-0.20631001368455623,-0.20583063613131666,-0.2063931986059236,-0.20641727043958946,-0.21433110507921543,-0.20676772908565902,-0.2067426730870531,-0.20688949813476665,-0.21076268769655937,-0.21264087972833404,-0.2118938874249008,-0.21189388742490045,-0.20814022779013056,-0.20652109262503557,-0.2057990960500026,-0.20739710222961005,-0.20876682181213055,-0.20930008186502772,-0.20417005188918416,-0.20478049550597133,-0.2072721021051022,-0.20778288145792406,-0.20694638323508524,-0.2126408797283338,-0.2064172704395895,-0.20672519149790122,-0.2065794048414629,-0.2063931986059236,-0.20669575496891077,-0.20676277224941977,-0.20800220535737407,-0.20863002770162883
-0.31954104517648607,-0.3170412865893436,-0.33841394831512533,-0.23665193382004107,-0.23653309790248683,-0.23947702001093765,-0.243009204032329,-0.18937452930182821,-0.23653196076661426,-0.23734687778225144,-0.23747841337073855,-0.23773285353159032,-0.23749491180017873,-0.24101865659633342,-0.3401288333352843,-0.26855433557152053,-0.27454104911188454,-0.2294826399661039,-0.27095284047216883,-0.2904083423604763,-0.23785818951681895,-0.2481500347897022,-0.2409910768141116,-0.23867803788145495,-0.23653969850301976,-0.25031995224104153,-0.25672493649619366,-0.24634782297124283,-0.30382002796771673,-0.22544737703363985,-0.2478167014921752,-0.24781670149217505,-0.23544084240023064,-0.23736044300406176,-0.23786671573084844,-0.2378717808461402,-0.24176528995688482,-0.24176528995688498,-0.24479475626529315,-0.24629320196622626,-0.24573768481685976,-0.23767215650593054,-0.23780534907263734,-0.2380199370967765,Inf,-0.2382197259468371,-0.23821972594683688,-0.23844171355801527,-0.23612178639704523,-0.2342210241412482,-0.23740039736555027,-0.23749734401654993,-0.2612514832432238,-0.23880482388356858,-0.23871115293209952,-0.23926005310307982,-0.25043989368074066,-0.2559945655866103,-0.25365848127007246,-0.25365848127007184,-0.2426461140280423,-0.23789674888242693,-0.23581835085462644,-0.24041871580531177,-0.24436188576304166,-0.2459749180960504,-0.23570120991880716,-0.23627950731154293,-0.23863990483291234,-0.23912378632479306,-0.23947271600887968,-0.25599456558660993,-0.23749734401654987,-0.2386457986385108,-0.23810078045604224,-0.23740039736555027,-0.23854042366885955,-0.23859869667682357,-0.24222223269040247,-0.23992632148205906
-0.3183396506835861,-0.31604753299349886,-0.31994516833399267,-0.243189013053684,-0.24315853651082353,-0.24350402931848586,-0.2458724606113551,-0.20985338468543982,-0.24260449462798456,-0.24330457841463368,-0.24307734322537533,-0.2433717405982068,-0.24290342379705585,-0.2479688821994987,-0.3495834865151006,-0.276416112608068,-0.28284979158891776,-0.2406869832258236,-0.26655864711419064,-0.2801374532585508,-0.24349836820657655,-0.2523711575852731,-0.24690587850938495,-0.2441848975280806,-0.24198190390644683,-0.2568203581142046,-0.26370353572028404,-0.25553942006282576,-0.2894980279677168,-0.25640533947864147,-0.2577987014921752,-0.257798701492175,-0.239259560740842,-0.24252712291638417,-0.24346786255165895,-0.24347130577036272,-0.25014671798564464,-0.2501467179856448,-0.25539992374090664,-0.2579982835768427,-0.2602062296501372,-0.2433356029832927,-0.24342614606285976,-0.24357202102438477,Inf,-0.24370783564373572,-0.24370783564373547,-0.24385874077634753,-0.24068782925430116,-0.2378865108511903,-0.24272383424391233,-0.24286695267698916,-0.27665713889750065,-0.2447807788358207,-0.2446436350529027,-0.24544728063044907,-0.2612564446254628,-0.2691404483055767,-0.2657975524070132,-0.2657975524070125,-0.2501862375714782,-0.24345363182506619,-0.24051584951916177,-0.24701843885911395,-0.25259208686478674,-0.2548892376935159,-0.24135661515217421,-0.24191454544821153,-0.24419181196264886,-0.24465865159810854,-0.24575864071519612,-0.2691404483055762,-0.242866952676989,-0.2445479497319773,-0.24374998777973195,-0.24272383424391228,-0.24439446194006792,-0.24444719478119323,-0.24958124270870077,-0.2454329222130177
-0.298325497451707,-0.2964049804177091,-0.2690287609345785,-0.23702387489877721,-0.23715152906173384,-0.23284679136727082,-0.2331325343093495,-0.22863888601366827,-0.23560799151767667,-0.23610256615926795,-0.23523326354356972,-0.2355991695950753,-0.23471856634999258,-0.2425431237340112,-0.3486397301205463,-0.2726216951525065,-0.2798552774919403,-0.24287452702726206,-0.24083056098252797,-0.2438922482689986,-0.23572810873269348,-0.24206131121504262,-0.2396270929718709,-0.23617604611686882,-0.23385734523557564,-0.2505895881641716,-0.2583285555759317,-0.2541248902495366,-0.24600282796771678,-0.23854123947864148,-0.23334073841049802,-0.2577987014921748,-0.22822955874810646,-0.23390947519265337,-0.23562775042198986,-0.23562829104373495,-0.24728228422974083,-0.24728228422974097,-0.2565151637830933,-0.2610819644223859,-0.2682354908759586,-0.23560698427123558,-0.23562120049213542,-0.2356441044035859,Inf,-0.23566542873493632,-0.23566542873493598,-0.2356891224364364,-0.23099526263501677,-0.22658228073048037,-0.2343867236988057,-0.23461247259994547,-0.28636348301426745,-0.237611435083319,-0.2373964909589575,-0.23865603689890008,-0.2627499831479645,-0.2748026319641508,-0.2696579145085386,-0.26965791450853754,-0.24581617894518037,-0.2355343036719507,-0.23105854033193735,-0.24096541004779637,-0.24945701266138912,-0.25297848338787404,-0.23361360557787952,-0.23413508627943394,-0.2362635789388387,-0.23669991993401668,-0.2391440285479059,-0.27480263196415,-0.2346124725999454,-0.23724652428104515,-0.23599588623205875,-0.23438672369880567,-0.2370069322747398,-0.2370497502596815,-0.24488705764236945,-0.23742360743821495
-0.2953106192128378,-0.2934460791027003,-0.2613588502023378,-0.2360951750608423,-0.23624664960822092,-0.2312414136921167,-0.23121342605991643,-0.2314686834327526,-0.23455405709781557,-0.23501767439426502,-0.23405165246751564,-0.23442833039414024,-0.23348562142749177,-0.24172580206481833,-0.3484975651943678,-0.27205011430752046,-0.27940419193851396,-0.2432040527447442,-0.23695495125238195,-0.2384323680272352,-0.23455761773431016,-0.24050826367375636,-0.2385306362860345,-0.23496961427045215,-0.23263348355861937,-0.24965100172905658,-0.2575188830165275,-0.2539118092811384,-0.23945082796771686,-0.23585023947864156,-0.23334073841049816,-0.23334073841049816,-0.22656802889983815,-0.23261133590634386,-0.23444673700732357,-0.2344468403896659,-0.24685079362919915,-0.24685079362919926,-0.2566831605449523,-0.2615464818151097,-0.2694449972019804,-0.23444276592527097,-0.23444548447337055,-0.2344498643564204,Inf,-0.2344539421785704,-0.23445394217856994,-0.23445847309206977,-0.229535200455982,-0.2248794418942205,-0.23313084377891719,-0.23336903991163066,-0.28782562059848493,-0.23653146441376488,-0.23630480065511872,-0.23763302220005725,-0.26297496577591944,-0.27565556808884895,-0.27023942907771387,-0.2702394290777129,-0.24515788506172884,-0.23434135736846873,-0.2296339167000264,-0.24005359805999654,-0.24898475351139887,-0.25269065249594663,-0.23244721943111446,-0.23296320946374333,-0.23506929122957423,-0.23550103799156957,-0.23814762115306495,-0.27565556808884834,-0.23336903991163066,-0.23614665717951425,-0.2348278292202423,-0.23313084377891716,-0.235894094665826,-0.23593541910348623,-0.24417993822333933,-0.2362171057919527
-0.2967484172318189,-0.2948780834372927,-0.2634923156728842,-0.2374390415741816,-0.237599271101039,-0.23223851275158455,-0.23244544615778207,-0.22911474774672308,-0.23568514970447463,-0.2361662851866094,-0.23528560858103464,-0.2356550206101217,-0.23478273378222542,-0.2430097610310993,-0.34946957870819323,-0.2733229567917543,-0.28068175994874556,-0.2442286097594141,-0.23815560042144224,-0.23960470738115788,-0.2358126159653267,-0.24311530721708288,-0.23979290014645774,-0.23626743303331216,-0.23389697373324636,-0.2509094511657687,-0.2587823881351943,-0.25502809161013434,-0.24060365189909214,-0.23707205680189333,-0.23461064203717902,-0.23461064203717902,-0.29751139634745444,-0.23356893590634387,-0.23547753299816193,-0.23549192701687427,-0.24972948832183134,-0.24972948832183156,-0.2608540884059883,-0.2663565787701948,-0.27509174304364925,-0.2349246355885777,-0.23530314154294293,-0.2359129566916431,Inf,-0.2364807156231916,-0.23648071562319126,-0.23711155888046723,-0.23145058101473787,-0.2269312973291778,-0.2344019976914197,-0.23463235949637354,-0.28801557351540896,-0.2377487155517663,-0.23752547157497578,-0.23883365362190656,-0.2638041113725964,-0.27629822294069983,-0.27091726703907204,-0.270917267039071,-0.24623575567699418,-0.2355920967496871,-0.2309827040757926,-0.24118572680011818,-0.2499311748495395,-0.25362510359819374,-0.2333233228436864,-0.23393538339522968,-0.23643358972805834,-0.23694572202628827,-0.2393404885804717,-0.2762982229406991,-0.23463235949637343,-0.23736971408375498,-0.23607078389708208,-0.2344019976914197,-0.23711811323982845,-0.23715761750832806,-0.24526506653659322,-0.23779511217945073
-0.30483596281466097,-0.3028680511777991,-0.2832963657031416,-0.24394458285147647,-0.2442522646642906,-0.23290376006893507,-0.23706725833236122,-0.173341515139911,-0.23860713044820342,-0.2393833090576744,-0.23994002733503922,-0.24018706635296794,-0.24050083659879254,-0.24850633309477882,-0.349712332625252,-0.2786323038946398,-0.28607069485791264,-0.24535630684859283,-0.24224906011087954,-0.2432213701840666,-0.24082142827718467,-0.2708954089994242,-0.244924080953587,-0.24199743324990172,-0.23904880825328004,-0.25597638904723585,-0.26393447434432066,-0.25770063609848637,-0.24389163390119975,-0.24152203277244721,-0.23987049259180154,-0.23987049259180154,-0.28138339634745446,-0.25010658258968255,-0.23671030758070238,-0.23696538600143544,-0.28208476735563665,-0.2820847673556372,-0.3149732944865923,-0.3312407380137314,-0.3540668309033349,-0.2269123351811123,-0.23361989218837348,-0.2444265118111836,Inf,-0.25448784732207586,-0.2544878473220751,-0.26566710900084406,-0.24758162200431036,-0.2453608625495095,-0.23968290569146264,-0.23978132092362175,-0.2750867805372866,-0.24212178734968462,-0.24195613969888569,-0.24292681441095043,-0.2616406687903135,-0.27099388360345106,-0.2662054853356297,-0.2662054853356287,-0.24826136603935825,-0.24052918106494603,-0.23757112303606698,-0.24412515821269487,-0.24974290264980395,-0.2532352274255127,-0.23195074873963664,-0.23418083908342327,-0.24328324864989828,-0.24514924261102564,-0.24330288735784944,-0.27099388360345045,-0.23978132092362173,-0.24184056720781122,-0.2408767574017534,-0.2396829056914626,-0.24160516290724035,-0.2416140116951366,-0.24741291181244968,-0.24824406186362794
-0.38627770751115426,-0.3843346353276999,-0.36211894077816464,-0.32587846688887695,-0.3261568381770265,-0.31604309317481877,-0.31926111040543564,-0.2699609961063504,-0.32121898628055845,-0.32218102783311264,-0.3222387470485912,-0.3225117477459858,-0.3226447156585002,-0.3307898469629388,-0.43286482136391213,-0.3609306717546798,-0.36837802289776905,-0.3284557562825983,-0.32452783527676615,-0.3255156001677298,-0.3230528316848161,-0.34792271361889315,-0.3271234070611979,-0.324245419903608,-0.3212426277840079,-0.33824746591491905,-0.3462151374082132,-0.34048258322339336,-0.32619651769160296,-0.32378925187680185,-0.3221114605513344,-0.3221114605513344,-0.3551812151988292,-0.33038824869255023,-0.3788817135507421,-0.37520682884050593,-0.3582664338540178,-0.35826643385401835,-0.3863421178054581,-0.4002290152438046,-0.4199986036490629,-0.26488629040499306,-0.29329325039732884,-0.33906001927387047,Inf,-0.38167045926237464,-0.38167045926237264,-0.4290153925829326,-0.36216679501810556,-0.3619888609658768,-0.321581353670908,-0.3215260616076957,-0.34976904852950086,-0.3251712332613065,-0.32491887729803687,-0.32639765197913534,-0.34511660826384205,-0.3550136396015283,-0.35007631413546375,-0.3500763141354627,-0.3309981471736839,-0.32277599945440755,-0.31953131696206377,-0.3267180998735915,-0.3328781995120433,-0.3363461689212414,-0.31562333658751346,-0.31748726552398393,-0.3250951387340667,-0.32665475274213374,-0.32697058042283333,-0.35501363960152793,-0.3215260616076956,-0.32474280835186137,-0.32327449201387704,-0.321581353670908,-0.3242463102208361,-0.3239408502768024,-0.3301267360474136,-0.3292414296335631
-0.299939349941442,-0.29795146006687423,-0.2807700921125001,-0.23871705070472904,-0.23905427669281665,-0.22650254811204365,-0.23147127753562402,-0.15545459523907912,-0.23266427755805041,-0.23348038492036916,-0.23434184191834453,-0.23456423334014956,-0.23511133412025462,-0.24306494189690928,-0.34323202605968495,-0.2731551543343771,-0.28060754726335246,-0.23904366947250136,-0.23654879383465416,-0.23743179545947446,-0.23529400506666248,-0.26998371442705527,-0.23942178441103779,-0.23660195944945378,-0.2335507599201344,-0.2504565921800197,-0.2584296577111278,-0.2516983485239286,-0.23804049423531556,-0.23588854527935507,-0.23438870206762505,-0.23438870206762505,-0.27261241877603204,-0.24380670322737974,-0.23147084007507354,-0.23170563374735897,-0.17040783619711394,-0.2820847673556373,-0.3193721944865923,-0.3378154380137314,-0.3634849007824884,-0.22245203748863931,-0.22862618556934552,-0.2385734241438174,Inf,-0.24783464626487742,-0.24783464626487675,-0.2581248930660546,-0.2415703326849002,-0.2396139564823491,-0.23423188415745325,-0.23431798194901987,-0.2668375017764502,-0.23641270754667287,-0.23626450590951742,-0.23713294914296945,-0.25469039793229,-0.2634206085116245,-0.25875338117099667,-0.25875338117099567,-0.2421430915515517,-0.23498729533868776,-0.23235683924124184,-0.23818701384301888,-0.2431843063588272,-0.24664129286978653,-0.2251311717587368,-0.22768895188138358,-0.23812887074932887,-0.24026905411725769,-0.23746941408015132,-0.263420608511624,-0.2343179819490198,-0.2361611055153387,-0.235298804175866,-0.23423188415745314,-0.23594918238781837,-0.23597703159593486,-0.24131902361334487,-0.24381862653235972
-0.27364464233472696,-0.27154946974605165,-0.2672040563403447,-0.21064531359534544,-0.21114119118003888,-0.19212817523571374,-0.20142097896540767,-0.05940221353059463,-0.20075128317963886,-0.2017818071005903,-0.20427970458556524,-0.20436973893727692,-0.20616981975347642,-0.21384478620433262,-0.30843291680695645,-0.24374297699174063,-0.25127056018051314,-0.20514494022245366,-0.20593848444435306,-0.20634190158957194,-0.2056118592850004,-0.2650879338481611,-0.20987456830517143,-0.20762837921026164,-0.20402635660895102,-0.22081539970067737,-0.2288689087717837,-0.21946619114681054,-0.20661999793225813,-0.2056368365426653,-0.20495160284688846,-0.20495160284688846,-0.22551245465042377,-0.20997648424165244,-0.20333501034083007,-0.20346087534280477,-0.17040783619711394,-0.17040783619711405,-0.3429941944865923,-0.37312143801373143,-0.41405973692001485,-0.19850033317810703,-0.2018100866003584,-0.20714246711398626,Inf,-0.21210709724736393,-0.21210709724736349,-0.2176233529511164,-0.20928983612823676,-0.20875319240076842,-0.2049600137634065,-0.2049799671594021,-0.22253904923411574,-0.20575506970386193,-0.20570055279113336,-0.20602001514577728,-0.21736759036489098,-0.22275228138004055,-0.21873573935668775,-0.21873573935668697,-0.20928808690244224,-0.20522748615328326,-0.204356245501588,-0.20629930412002262,-0.2079647829358232,-0.21123200371218737,-0.18851018754840718,-0.19282765485563108,-0.21044997039531932,-0.2140625450809554,-0.2061437859081566,-0.22275228138004013,-0.20497996715940203,-0.2056625162999464,-0.20534531327997987,-0.20496001376340647,-0.20557668657527695,-0.20570656763827624,-0.20859497281899725,-0.22005413236445004
-0.254896398611575,-0.25276093164917574,-0.2532365814873383,-0.19122963438182108,-0.19178510000712945,-0.17034528558058823,-0.18126217076226325,-0.014453646542447348,-0.17989286403121188,-0.18100392078560243,-0.1841164498550647,-0.1841567721418672,-0.18642746042044234,-0.19399777182216013,-0.2864905001821128,-0.22382384109218342,-0.23137966503207663,-0.18354069781908924,-0.18556934146862564,-0.18579263121481326,-0.1855913257906281,-0.2543769249220726,-0.1899047131221019,-0.18787397623853358,-0.1840650696960105,-0.20081024787969592,-0.20889397078432917,-0.1984878973917828,-0.18594655640740898,-0.1854023805840818,-0.1850231065253992,-0.1850231065253992,-0.19894995316387626,-0.18839797364622568,-0.18389525854300795,-0.18398021096566114,-0.16153563619711395,-0.16153563619711406,-0.14278266951653856,-0.3775098380137314,-0.4241829675008025,-0.18063209935438745,-0.18286601320806953,-0.18646509663900235,Inf,-0.18981596741952614,-0.18981596741952586,-0.19353915717566322,-0.1882933866341198,-0.18828998100949756,-0.18509357582800468,-0.1850886860140102,-0.1970287690272704,-0.18536815060856998,-0.18534882079312612,-0.18546209111691067,-0.19447729649902545,-0.19860544197707555,-0.19483329121068352,-0.19483329121068277,-0.18807585759722545,-0.18517778301829274,-0.18496728706551327,-0.18545038164925934,-0.18586446272104135,-0.18906040928055362,-0.16588349190405507,-0.17086188109084052,-0.19118183695526997,-0.195347427907478,-0.18550597595694301,-0.19860544197707503,-0.18508868601401018,-0.18533533436629127,-0.18522286512459585,-0.18509357582800465,-0.18529686413229873,-0.18546506739591156,-0.1874319285442698,-0.20225621290138468
-0.24066032957018055,-0.23850006931912732,-0.24194213857463945,-0.17658288962465257,-0.17717502000870394,-0.15424198680956233,-0.166158175777729,0.015903585765773186,-0.16435839564533491,-0.1655190045729213,-0.16900971890453656,-0.16901945315978603,-0.17157970808449793,-0.17908562481761592,-0.270289043831187,-0.20886731743071588,-0.21644051801726305,-0.16754732141366485,-0.17033592666070957,-0.1704483833007846,-0.17057241178518098,-0.24508619846545415,-0.1749169816834627,-0.17301881340372818,-0.16908261034811098,-0.18580079827915502,-0.1939031118759061,-0.18287966968297642,-0.17052590549012753,-0.1702518392343034,-0.170060823359032,-0.170060823359032,-0.17990574019469033,-0.1724204301247209,-0.16923370182883443,-0.1692934805784669,-0.15337633619711394,-0.15337633619711405,-0.14008246951653855,-0.13350700857775927,-0.4277116316003016,-0.16693750390939427,-0.16850944939122092,-0.17104202822305326,Inf,-0.1733999464457937,-0.17339994644579346,-0.17601985558217167,-0.17267398762673342,-0.17299868553080158,-0.17016947743379002,-0.17014930149373247,-0.17863199200272314,-0.17012379808347936,-0.1701261190291531,-0.17011251857503987,-0.17769260750608723,-0.18104759551005198,-0.17742581965753415,-0.17742581965753348,-0.1723236884125691,-0.17014092081678397,-0.17033698370914446,-0.1699217566069764,-0.1695658476622606,-0.1727179389122424,-0.149260995946786,-0.1546460529986686,-0.17662587770022922,-0.18113174176404917,-0.17010724928884824,-0.18104759551005156,-0.17014930149373245,-0.17012773835470266,-0.17014124262227887,-0.17016947743379,-0.17011840860396726,-0.17031019167026365,-0.17171002310478872,-0.1886048821625803
-0.4008448255679164,-0.3989100776920619,-0.37580831111530366,-0.34061051286045474,-0.34087906147580976,-0.33117911457521554,-0.33408027801610757,-0.28961454433960004,-0.33617823716170464,-0.33720256592663217,-0.33709305836722975,-0.3373747594575892,-0.3374471360916827,-0.34563906243134707,-0.44800525153821,-0.3757848651586114,-0.38323521907683106,-0.34357841169029496,-0.3393754626902886,-0.34036840686821,-0.33788458366497887,-0.36101044497261087,-0.3419444091545594,-0.3390827293346161,-0.3360617844889446,-0.3530925134406644,-0.36106339750247396,-0.35549883585155956,-0.34105289474296646,-0.3386330065718207,-0.3369464178464766,-0.3369464178464766,-0.367186666983762,-0.3445665960749004,-0.3895041883523259,-0.3861058469906687,-0.37107077121663007,-0.3710707712166308,-0.39753355385343464,-0.4106226721469076,-0.4293679512370456,-0.5200399458270969,-0.30056525039732884,-0.35804801927387053,Inf,-0.4115664592623748,-0.41156645926237234,-0.4710313925829323,-0.38784108551132596,-0.38834775215238443,-0.33630152415385495,-0.33619472102129627,-0.3620709008263097,-0.34027713126719705,-0.3399957172303609,-0.34164476862263715,-0.3603654346804505,-0.3704447122195293,-0.36545747761143144,-0.36545747761143027,-0.3459992635751191,-0.3376129173715295,-0.33427218001999237,-0.3416710121538584,-0.3480128682686001,-0.3514726755995424,-0.3309380646779719,-0.3326792839824845,-0.33978630155192313,-0.3412432401536581,-0.34228366815197764,-0.370444712219529,-0.33619472102129627,-0.3397993744443109,-0.3381619856437018,-0.3363015241538549,-0.3392153773928604,-0.3388045849150162,-0.3451201590310956,-0.34365962612726875
-0.4187937051432174,-0.4168794383608138,-0.3915975836774725,-0.35896518042418846,-0.3592095613743015,-0.35052772168411284,-0.3526492993156322,-0.3200780565768529,-0.3550919187851192,-0.35626949876068736,-0.35574854710665216,-0.3560516546094054,-0.35597495270203794,-0.36428201336104504,-0.4673647059769526,-0.3944400637811562,-0.401897805715414,-0.36289413316368735,-0.3580145063760347,-0.359020193651075,-0.3564845674973599,-0.3753194473626986,-0.36051794400802817,-0.3576963866970468,-0.35463077895604145,-0.3717252095807406,-0.37970399783340253,-0.3745527643475922,-0.35971346600300447,-0.35726252183629764,-0.3555542880231383,-0.3555542880231383,-0.37883283300906656,-0.3615589458225638,-0.3977476832849352,-0.3950297480829005,-0.3846825121533541,-0.38468251215335436,-0.4071769187833569,-0.41830318442830444,-0.43452825693619107,-0.502147945827097,-0.43067696346304113,-0.38687401927387055,Inf,-0.4672304592623747,-0.4672304592623711,-0.5565153925829309,-0.4331180081604867,-0.43530906363601946,-0.35462697331239246,-0.35439343254881794,-0.37444632949717127,-0.3595516228955515,-0.3591987144895939,-0.3612667140276879,-0.3799915868044821,-0.3905192621757003,-0.38540923131220306,-0.3854092313122018,-0.36501595095884803,-0.3562256114547452,-0.35264854110806343,-0.360569098308772,-0.3673581473379503,-0.3707978727238775,-0.3507263610193471,-0.35216566603136945,-0.358040380366154,-0.3592446968047848,-0.36206792855487185,-0.39051926217570004,-0.35439343254881794,-0.35895249002820867,-0.356899116010152,-0.3546269733123924,-0.3581532109794745,-0.3574832587526014,-0.36411791756025363,-0.3612420996786135
-0.4022701117415117,-0.4003869580889985,-0.37179329954153184,-0.3430580255159772,-0.34326569301084336,-0.33613047493807136,-0.3370677723159158,-0.3225656254684543,-0.34003397034583915,-0.3414443564864656,-0.34029837406492935,-0.3406340003631707,-0.34033083105378464,-0.3488127939484131,-0.45298393756900684,-0.3789894500186237,-0.38645841519656143,-0.34844692936572214,-0.34253935141172537,-0.34356439691277124,-0.3409500761360877,-0.35326646306595044,-0.3449432736144043,-0.3421826669961114,-0.33904921119479,-0.35624041196657097,-0.36423120759165445,-0.3597078669924706,-0.34427101389300174,-0.3417728921072838,-0.34003177692329845,-0.34003177692329845,-0.3527346948784931,-0.34358227391006047,-0.36648049751857703,-0.36479617730751857,-0.361570307741335,-0.3615703077413353,-0.3780362960913879,-0.386180763447328,-0.3985773531189976,-0.43117794582709706,-0.3868869634630412,-0.31552926965428507,Inf,-0.5080004592623748,-0.5080004592623697,-0.6425853925829295,-0.45810884639009725,-0.46285868168460004,-0.3386754322956842,-0.33824936253529503,-0.34945602496296674,-0.34504178623439985,-0.3445802696821913,-0.3472846995021618,-0.36601596276754844,-0.3772248058716945,-0.3719282334129731,-0.37192823341297143,-0.350114480083024,-0.3407104284222059,-0.3367743411513106,-0.3454874585642244,-0.35295584491815035,-0.3563650635264385,-0.3369970526445754,-0.3379777152203196,-0.3419804196111124,-0.34280097401122495,-0.34833248912667314,-0.3772248058716944,-0.33824936253529486,-0.34425826923513614,-0.34157296596321024,-0.3386754322956842,-0.34313195214223846,-0.3420683065340439,-0.34918769158342156,-0.344161893504097
-0.40363811174151176,-0.4017549580889985,-0.3731612995415319,-0.34442602551597723,-0.34463369301084334,-0.33749847493807134,-0.33843577231591576,-0.32393362546845433,-0.34140197034583913,-0.34281235648646563,-0.34166637406492933,-0.34200200036317074,-0.3416988310537846,-0.35018079394841306,-0.45435193756900705,-0.38035745001862364,-0.38782641519656136,-0.3498149293657221,-0.3439073514117254,-0.3449323969127713,-0.34231807613608767,-0.35463446306595037,-0.34631127361440434,-0.34355066699611136,-0.34041721119478996,-0.3576084119665709,-0.36559920759165443,-0.3610758669924706,-0.3456390138930018,-0.34314089210728377,-0.3413997769232984,-0.3413997769232984,-0.35410269487849305,-0.34495027391006045,-0.36784849751857707,-0.36616417730751866,-0.36293830774133495,-0.3629383077413353,-0.3794042960913879,-0.3875487634473279,-0.39994535311899776,-0.432545945827097,-0.3882549634630412,-0.3168972696542851,Inf,-0.5093684592623747,-0.5093684592623697,-0.643953392582929,-0.4594768463900973,-0.46422668168459996,-0.34004343229568407,-0.339617362535295,-0.35082402496296666,-0.34640978623439983,-0.3459482696821912,-0.34865269950216177,-0.36738396276754837,-0.3785928058716945,-0.3732962334129731,-0.3732962334129713,-0.35148248008302396,-0.3420784284222057,-0.3381423411513105,-0.3468554585642243,-0.3543238449181502,-0.35773306352643847,-0.33836505264457534,-0.33934571522031953,-0.34334841961111234,-0.34416897401122487,-0.3497004891266732,-0.37859280587169425,-0.3396173625352949,-0.345626269235136,-0.3429409659632102,-0.34004343229568396,-0.34449995214223844,-0.34343630653404383,-0.3505556915834214,-0.34552989350409696
-0.32995117861326595,-0.3281072975604685,-0.2953333091023912,-0.2715171928967377,-0.2716785187719353,-0.2664955263963799,-0.2659379640632951,-0.2742435634203691,-0.26956504999798114,-0.2712692961058906,-0.269334367563259,-0.2697110407649427,-0.269122012602413,-0.2778247461335297,-0.38336978883685896,-0.30802488721638227,-0.31550801895223457,-0.2787489224525302,-0.2715438114369094,-0.2725932918907817,-0.26987963869596454,-0.2739680471258181,-0.27382212012417423,-0.27113844861864095,-0.2679193514908526,-0.2852327005410046,-0.29323865249180536,-0.2895078707283251,-0.27331675315017745,-0.27075908133675386,-0.26897646158800415,-0.26897646158800415,-0.2683302768143388,-0.2694291900258014,-0.27555144051812736,-0.27517180254071216,-0.28093488945702566,-0.28093488945702594,-0.2897914968523868,-0.2941721843812749,-0.30173626525438146,-0.290133945827098,-0.280150963463042,-0.2640672696542857,Inf,-0.2490927961082024,-0.5080004592623697,-0.6997653925829296,-0.4381915733209849,-0.44617123267837294,-0.26707857323750916,-0.266409483432134,-0.2664499716899904,-0.2752647208859535,-0.2746661135213255,-0.27817387851828695,-0.29691320818847977,-0.3089818563912759,-0.3034498214951377,-0.3034498214951366,-0.2798430737987072,-0.26966436295199514,-0.2652751059741124,-0.2749886338270682,-0.2833145148438864,-0.28668522622159254,-0.26820521041787726,-0.2686069508190884,-0.2702467075587236,-0.2705828576903488,-0.2795329079676362,-0.3089818563912754,-0.2664094834321339,-0.2742484647109015,-0.27076550769203883,-0.2670785732375091,-0.27270934330530483,-0.27114875757472684,-0.27887998912524936,-0.27114037498182564
-0.32403210538765925,-0.32219143867145983,-0.28907530358900935,-0.2656618047075448,-0.26581933766948534,-0.26079612871930535,-0.26011621690305964,-0.27028855729261386,-0.2637973943976317,-0.26552569200338816,-0.26352619074570377,-0.2639062235050668,-0.2632937987102756,-0.27201460161143004,-0.37767209355762776,-0.30221666486740545,-0.30970095609068427,-0.27304436364956175,-0.2657330537054975,-0.2667845340820564,-0.26406275084672043,-0.26747772556933297,-0.2680010813285416,-0.26532370671576294,-0.26209760011949157,-0.27942094661530237,-0.28742813906285647,-0.2837622257035576,-0.2675093739917931,-0.26494682819918697,-0.26316081143464326,-0.26316081143464326,-0.2614220453253524,-0.26335999743086735,-0.2681091882137883,-0.26783633430166603,-0.27433513853763847,-0.27433513853763863,-0.28256894245507086,-0.28664157665079004,-0.29381013214479074,-0.27858994582709806,-0.27141496346304206,-0.2598552696542857,Inf,-0.2490927961082024,-0.24909279610820212,-0.7044453925829296,-0.4365614082639116,-0.44480541838405424,-0.2612185994635976,-0.2605296192453066,-0.2596561918838076,-0.2695536914030795,-0.26894386359420325,-0.2725173790043917,-0.291257368884002,-0.3033963893823853,-0.2978450826393233,-0.29784508263932225,-0.27409158409233075,-0.2638494698704878,-0.2594231224024215,-0.26921853064816137,-0.27761459485879453,-0.28098215454291675,-0.2625748182943909,-0.2629291757684105,-0.2643755328052227,-0.2646720359977692,-0.27390188243730584,-0.3033963893823848,-0.2605296192453064,-0.2685183862713524,-0.26497014384612966,-0.2612185994635976,-0.26694547815390834,-0.2653442194647302,-0.27312552869320583,-0.2651637973902861
-0.31673505112849154,-0.31489659735941145,-0.2815449074855656,-0.25840859514652365,-0.2585635168335678,-0.25365031262624255,-0.25288616789658985,-0.26434368768927474,-0.256604585349699,-0.2583494414866652,-0.2563054843982328,-0.25668783008384455,-0.25605929760761165,-0.2647925405750616,-0.37052744950000294,-0.2949959271733023,-0.30248101665907845,-0.2658949943198257,-0.25851057049810233,-0.25956342774451097,-0.2568360472889716,-0.25978738880544516,-0.260771520003856,-0.2580984805595508,-0.2548675482138236,-0.27219777756645347,-0.28020582404831096,-0.2765845700903524,-0.26028921680198214,-0.25772331546216953,-0.2559349599829062,-0.2559349599829062,-0.25344399364639647,-0.25595959175973965,-0.259763483742724,-0.25956414655247667,-0.2665694638662142,-0.26656946386621433,-0.27437449154307264,-0.2782350428671101,-0.28513129435011075,-0.2674203458270982,-0.26217856346304214,-0.2537334696542858,Inf,-0.2458707961082024,-0.24587079610820212,-0.23713449216810922,-0.4322171023207728,-0.440643107773735,-0.2539622329038662,-0.25325955890129837,-0.25175693578647407,-0.2623998672591009,-0.26178231460591517,-0.2654010966467484,-0.28414154105515,-0.2963290101724184,-0.29076443550397413,-0.29076443550397296,-0.266909904640633,-0.2566241396336038,-0.2521722567896034,-0.2620240365365293,-0.2704684191767505,-0.2738338090410593,-0.25547650987091386,-0.25579824602198215,-0.2571114548018508,-0.25738066260172393,-0.26680313793757837,-0.296329010172418,-0.2532595589012983,-0.261351447653355,-0.2577582587368307,-0.25396223290386616,-0.259755278684293,-0.2581260182274634,-0.2659418040111451,-0.2578271535868801
-0.31092549645470186,-0.30908744942804917,-0.27546113065599287,-0.25257886593514045,-0.25273071083769877,-0.24791542326482688,-0.2471652433901163,-0.2584136522321348,-0.2508987397733725,-0.2524228900226902,-0.25051905977935873,-0.25090385324831016,-0.2501922389457609,-0.2588668642226363,-0.36492812200724556,-0.2891052888032658,-0.29657192345416444,-0.2601851550092386,-0.25273791638784676,-0.25380469747202283,-0.25103754928184246,-0.2539251141293193,-0.25497948828410844,-0.2521402668563395,-0.24907069763692463,-0.2663633490904076,-0.27435165136268747,-0.2708175750750602,-0.2545400849523802,-0.251940250053099,-0.2501282439111757,-0.2501282439111757,-0.24707727016676864,-0.25003033706696265,-0.2532542686514791,-0.2531016916579722,-0.26057298158473624,-0.2605729815847365,-0.26821929229888564,-0.27200133845857244,-0.27875868207708154,-0.2591149963715802,-0.25510282286430824,-0.24863876554703745,Inf,-0.24262050528613033,-0.24262050528613,-0.2359335494406774,-0.23256889512371362,-0.4396589377333525,-0.24767632671076528,-0.24830454570594093,-0.24542490593534433,-0.25602551663300754,-0.255470862997259,-0.25872106458828814,-0.27875853066896106,-0.29112970446706254,-0.28556393953214954,-0.2855639395321484,-0.2612918992519513,-0.250825673777192,-0.24628203847139032,-0.2563371314186742,-0.26495578251634533,-0.26839031818357634,-0.24970632823531744,-0.2500213353886952,-0.2513070788718676,-0.2515706562859179,-0.2599803050682964,-0.2911297044670619,-0.24830454570594074,-0.2550838807366722,-0.25185666555720637,-0.24767632671076525,-0.2544963155473593,-0.2523576878160954,-0.2603171538316993,-0.25200780907019726
-0.2917599943450788,-0.28992081239639356,-0.2552843764934264,-0.23325285371686968,-0.2333933426865966,-0.2289014796203152,-0.22833845670160052,-0.23675067296438093,-0.23209310887146128,-0.2325149215730749,-0.23135887585240464,-0.23175237134209375,-0.23065732869491598,-0.2390278311872966,-0.3465752465957023,-0.26943567847462313,-0.2768109661459636,-0.2412986888196347,-0.23364756033357326,-0.23478046767834254,-0.23182680657932328,-0.23505696064445822,-0.23580439084508756,-0.23214663546931394,-0.22987273461930743,-0.24697196417377248,-0.25486253737285036,-0.25169161474404944,-0.23556143941669294,-0.23280044927890992,-0.23087612281924288,-0.23087612281924288,-0.22614909616031742,-0.23042552728287274,-0.2321484021121848,-0.23212066013376512,-0.2411550586331898,-0.24115505863319003,-0.24863062581466244,-0.25232821818399287,-0.25879081330863146,-0.233214016122508,-0.23248451144230697,-0.2313091983464282,Inf,-0.23021494132612735,-0.23021494132612702,-0.22899910019245928,-0.22544971469370978,-0.220467874210947,-0.23034714816202528,-0.23060368748013022,-0.22455512639491063,-0.23389673592127724,-0.23366048013547847,-0.23504490977120285,-0.26142249511883703,-0.2746233668614264,-0.2690705094922386,-0.26907050949223754,-0.24289998503590335,-0.231613149936644,-0.22665700438333364,-0.23762647320514968,-0.24702887505241994,-0.2508045068867776,-0.23045279833535318,-0.2307809513167115,-0.232120351240622,-0.23239492822502364,-0.23558128568211284,-0.27462336686142563,-0.23060368748013016,-0.23349564429528472,-0.23212100576589506,-0.23034714816202526,-0.23323794504144063,-0.23328242546608788,-0.2418956418216921,-0.232850324199154
-0.31210852636386804,-0.3102713268255396,-0.2767400441929918,-0.25380129543952157,-0.2539542197818617,-0.24911884222943637,-0.24831282344087707,-0.26041002292038545,-0.25205398782029215,-0.2537636522978143,-0.251724043690051,-0.2521081032374391,-0.25145447924914727,-0.26018263921182294,-0.3660236078098959,-0.2903937078336407,-0.2978755438500153,-0.26136663077224526,-0.25393093121818666,-0.25498729239468093,-0.25224902182630016,-0.25494186154825094,-0.2561842677394363,-0.2534804189404815,-0.25027907582899706,-0.2676054676717354,-0.275610033375675,-0.2720298236644304,-0.2557154968927287,-0.25314105618166505,-0.2513467490194085,-0.2513467490194085,-0.24834543492591152,-0.25125442781328033,-0.254441625388587,-0.25429057901651714,-0.2616572585525683,-0.2616572585525685,-0.2692033494038582,-0.2729358244485822,-0.27966003957654095,-0.2602435594774948,-0.25627163528067304,-0.24987242407468305,Inf,-0.24391453777945107,-0.24391453777945077,-0.23729466411808176,-0.23524299758453746,-0.4386398108336124,-0.3168473924492703,-0.24982232096599166,-0.24670706251457739,-0.25773675453660705,-0.25712763761902724,-0.26069698729428736,-0.2796960721684358,-0.29194582501204125,-0.2863739792010171,-0.28637397920101604,-0.26238270746945197,-0.2520378486443749,-0.24755414877159693,-0.2574763190859712,-0.2659810364982912,-0.26935905162068396,-0.2509631946265763,-0.2512662959457992,-0.25250344418752313,-0.2527570595770765,-0.2620798767774498,-0.2919458250120406,-0.24982232096599155,-0.25670265628557104,-0.25315855013393557,-0.24767632671076523,-0.2570356155473593,-0.25354951043080703,-0.261412198747631,-0.2531776899792634
-0.31779964899791313,-0.31596259771466495,-0.2827561612815328,-0.2595369274491635,-0.2596935005496567,-0.25475108688320025,-0.2538960657911951,-0.2667350887780931,-0.2576276006275116,-0.2596678340354227,-0.2574068860206701,-0.2577881222500369,-0.25725139356467386,-0.2660700652754553,-0.3714566401999571,-0.2962299890472999,-0.30373926839197596,-0.26696079080789187,-0.2595928972472863,-0.2606292211542736,-0.2579476167565898,-0.26057782679020913,-0.26187237651452566,-0.25941468595697265,-0.25597411449096197,-0.27335816176121736,-0.28139208816272415,-0.27769859221209187,-0.26134361292414837,-0.258818004718013,-0.2570577323319186,-0.2570577323319186,-0.25462703358103117,-0.2570869078712326,-0.2608089042182282,-0.260613827455082,-0.2674654011713304,-0.2674654011713306,-0.27510042594649314,-0.2788768898137779,-0.2857137010698856,-0.2683021164453263,-0.26317236652044673,-0.25490776941925236,Inf,-0.24721314453193355,-0.2472131445319333,-0.23866356132380115,-0.4284471831969318,-0.4382841902435971,-0.25566864111489696,-0.29707796859084795,-0.2529641805029704,-0.26430786971493475,-0.2636035290242422,-0.26773087821294267,-0.2848203178757938,-0.2968159327120514,-0.2912413598263312,-0.29124135982633,-0.2678307377649055,-0.2577368599120088,-0.2533796393181546,-0.2630214740959252,-0.2712859039054418,-0.27456137273606296,-0.2566634454947518,-0.25696544090584006,-0.2581980752368104,-0.25845076527465927,-0.2693299560018054,-0.29681593271205087,-0.2532595589012983,-0.26311210999236334,-0.2590139506691094,-0.25566864111489696,-0.26021157704582837,-0.25920655576436763,-0.26686932262462876,-0.2588698609471899
-0.3066989751821305,-0.3049140898774912,-0.27716959356463367,-0.25081410265630194,-0.2510327650665812,-0.24498401650338145,-0.2407412817875527,-0.3050797599223602,-0.24495861589344214,-0.2580427603738167,-0.24767281394945218,-0.24801226606248006,-0.25091071162018597,-0.2629225188143067,-0.3552728288001845,-0.2914569247630205,-0.2998707138948173,-0.2558861334641349,-0.24914572159692333,-0.24956358428748027,-0.24859454830356909,-0.23927466904186262,-0.25211904694236476,-0.2577140578776017,-0.24643437158622317,-0.2658301338272919,-0.27483176494793715,-0.2684309977931872,-0.2498516386931146,-0.2488332722989849,-0.2481235017818641,-0.2481235017818641,-0.2480423798075294,-0.24834482647109696,-0.2491246105895866,-0.24907949583801614,-0.2501171227975198,-0.2501171227975199,-0.2514492704584058,-0.25210818220465053,-0.2567568258367293,-0.2508575407583955,-0.249671200623637,-0.24775987485097095,Inf,-0.2459803646488336,-0.2459803646488335,-0.244003131090903,-0.27348110995519503,-0.298757471129149,-0.25563969951536153,-0.2543491758808263,-0.24727466174541077,-0.28472917452315466,-0.23827547233301835,-0.30392038418827755,-0.2592682818991764,-0.2640830848534965,-0.25813630519164116,-0.25813630519164044,-0.2513391002788947,-0.24842665264484406,-0.24761270272313354,-0.24939619168374347,-0.25092489650712296,-0.25083792687532697,-0.25011244221142837,-0.24968036107876243,-0.24791676461889994,-0.24755522734462812,-0.3128856663763723,-0.2640830848534962,-0.25434917588082634,-0.23914105400766933,-0.24635952008222772,-0.2556396995153614,-0.24053230827019279,-0.24869192487614394,-0.2506279582176136,-0.24695560454827542
-0.33837647428025325,-0.33658351145065946,-0.3079729289580567,-0.28212092608955636,-0.28232974604542643,-0.2764591384228248,-0.27274355634880293,-0.32906855228113857,-0.2768863920867404,-0.28824078949257215,-0.27913950467701715,-0.2794856046381138,-0.2818450921673796,-0.293357109292158,-0.38775343950613417,-0.32214627489330333,-0.33041837133909663,-0.28756598619429724,-0.28072407100557184,-0.2812389001981894,-0.2800012785406389,-0.27253366975581594,-0.2835883695811253,-0.2879217932203734,-0.2778702060167474,-0.29695105275309086,-0.3058010916158464,-0.29982647065184487,-0.2815937986383562,-0.2803391167528312,-0.27946464149928346,-0.27946464149928346,-0.2789826143295996,-0.2796482583535855,-0.28084789910572067,-0.28078248773010395,-0.28275315413666685,-0.282753154136667,-0.2850542294839575,-0.2861923957847678,-0.29117204691025667,-0.28336045524852066,-0.2816403939057798,-0.2788691839646977,Inf,-0.2762890919505868,-0.2762890919505867,-0.27342232304601893,-0.31507549837166104,-0.35069450495026006,-0.2900029231877917,-0.2881844492999875,-0.27807806848686145,-0.31147373782458543,-0.3354403451165362,-0.3281958660296801,-0.29321805232700193,-0.2991601245702311,-0.2932710882266938,-0.29327108822669307,-0.2838663316800219,-0.2798267267658969,-0.2784564707314134,-0.28147373658543745,-0.2840599644603146,-0.2844997601076212,-0.2810857077425665,-0.28076722858370196,-0.2794673136495593,-0.27920083108806004,-0.3360077028424804,-0.2991601245702307,-0.28818444929998766,-0.28613509225155737,-0.2713515200822276,-0.2900029231877915,-0.26870950049066744,-0.2802810302667605,-0.28311588533578325,-0.27875886001045225
-0.25530178957250665,-0.2535292237001533,-0.2271056381991431,-0.19998225281217596,-0.20021592643582886,-0.1938954863250995,-0.18884876507728232,-0.2654090007338479,-0.1931797203238781,-0.2089019875060803,-0.19659714259835104,-0.19692645574992793,-0.20064689281788753,-0.2134209545331951,-0.3026507780088871,-0.24156681395248827,-0.2501967055984213,-0.20448535821403307,-0.19789975407607696,-0.19816972836481628,-0.1976103256581871,-0.18546545720187055,-0.20103936153349983,-0.20855848156819254,-0.19540576069784266,-0.21528181612997996,-0.2245146480908207,-0.21746394433166405,-0.1983558356317174,-0.1976978856659884,-0.19723931447775295,-0.19723931447775295,-0.19776963281899768,-0.19751814924856473,-0.19765758927684915,-0.1976434299091349,-0.1972580323217476,-0.19725803232174766,-0.19711242050926744,-0.19704039746223426,-0.20118420521645997,-0.19820147336418745,-0.19782913780613698,-0.19722926385150047,Inf,-0.1966707605144251,-0.1966707605144249,-0.1960502012510078,-0.2069591866152602,-0.21646146842205682,-0.20014638269984486,-0.19966106207393594,-0.1972105975635193,-0.2060765842110288,-0.19362689189685775,-0.17600311095642374,-0.20440554304895203,-0.20750109193086388,-0.20146624508209093,-0.20146624508209043,-0.19864594596261778,-0.1974525815707689,-0.1974870815796127,-0.19738887645938913,-0.19730470064205433,-0.19641433526426322,-0.19978931799944674,-0.1991839768853253,-0.19671319682768573,-0.19620668691586962,-0.32112566637637235,-0.20750109193086355,-0.199661062073936,-0.19395185395577003,-0.19666185541082948,-0.2001463826998449,-0.19447361357244256,-0.19742955287592145,-0.19799474880465512,-0.1953666216962726
-0.27617197064620824,-0.2743265276554189,-0.23527664448924399,-0.2171911672159705,-0.21730688752183436,-0.21361445610223265,-0.21312390365889455,-0.220460864479791,-0.21605813190493856,-0.21669272181605492,-0.21559270247227277,-0.21598465146595613,-0.2147942302598135,-0.22034935720080107,-0.3345572822638061,-0.2515431792632729,-0.25850773347917194,-0.22688641635645643,-0.21749850316391134,-0.21842119414886163,-0.21601653684282499,-0.21856301768365757,-0.21947464119886442,-0.21619652192077088,-0.21410998927596323,-0.2303304804357153,-0.23778162367085226,-0.23011272399454866,-0.21905725285728467,-0.21680857760468675,-0.2152413190953003,-0.2152413190953003,-0.21140166073679445,-0.21487672215149756,-0.21627747800589933,-0.21625488649712488,-0.22359675439460971,-0.2235967543946099,-0.2296723554917019,-0.23267749151822048,-0.23795765366284033,-0.21714525419331024,-0.2165511865628637,-0.21559407760270038,Inf,-0.21470297615703118,-0.21470297615703085,-0.21371286343962048,-0.21086035572387227,-0.2068393236218321,-0.21482079562257086,-0.2150278701372251,-0.2101023515105297,-0.21768516204791158,-0.21749451615306586,-0.21861167747828414,-0.151801904490567,-0.28164336686142644,-0.2454271895954276,-0.24542718959542664,-0.22475840136049627,-0.21584121816843502,-0.21172346755964389,-0.2208341270671049,-0.2286432637877853,-0.23120959316301343,-0.21491387128508246,-0.21517666613217312,-0.21624929816111338,-0.21646918772704613,-0.21904450440425058,-0.28164336686142566,-0.2150278701372251,-0.21736150236823895,-0.21625224194679082,-0.21482079562257086,-0.21715359363444595,-0.21718729403154854,-0.2240393858569144,-0.21683388261688644
-0.22817339725475977,-0.2263146615899648,-0.177894690388057,-0.16818697126021512,-0.16825010578741612,-0.1662549292484574,-0.16591823719899565,-0.17097234800481553,-0.16711064234524423,-0.16819697463961236,-0.16721590360368493,-0.16760456926738723,-0.16621165204374985,-0.16578952012177997,-0.2941382195283963,-0.198652027091483,-0.20474456258659882,-0.1813840532807856,-0.1683088125575523,-0.16878519804011755,-0.1675461180176438,-0.16864110801303497,-0.16990132656534457,-0.16742920392540248,-0.1657404683931709,-0.18009533034568598,-0.18661352996507172,-0.16939507901868564,-0.16911359523884875,-0.16795260389633604,-0.1671434281121605,-0.1671434281121605,-0.1651877209145457,-0.16696141279565457,-0.1676782852879392,-0.16766662862241183,-0.17141512385731644,-0.17141512385731658,-0.17451848926757021,-0.17605348721242683,-0.17882325318408412,-0.16812603655901348,-0.16781951220343033,-0.16732566740832455,Inf,-0.1668658808749502,-0.16686588087495,-0.16635500694897845,-0.1649820243725249,-0.163000862371096,-0.1669531548464985,-0.167055211778442,-0.16451399867907474,-0.16836274367061208,-0.16826893108271312,-0.16881866122562594,-0.136897904490567,-0.2816433668614264,-0.1803266027375828,-0.18032660273758208,-0.1713384237111705,-0.16745219379900678,-0.1651144201493486,-0.17027868449710215,-0.17470519679517627,-0.1747040840264067,-0.16701953385527726,-0.16714356835576857,-0.16764983162307961,-0.16775361559287838,-0.1690316456912507,-0.12329448210538191,-0.16705521177844196,-0.16820347796928034,-0.1676576356846926,-0.16695315484649847,-0.16810127833959568,-0.1681120919089881,-0.17122518088554028,-0.16792574510376462
-0.2526345263225784,-0.2508397038410679,-0.21091208227568226,-0.195283924970652,-0.19539760776357432,-0.19203034580688164,-0.19061926284802352,-0.2119712936658091,-0.19392968393407184,-0.19516414772028237,-0.1937592928001616,-0.19426210116165918,-0.1894847706709622,-0.2020970796366061,-0.31095339564625,-0.23160590900656186,-0.23895141352677746,-0.2053122488662171,-0.19497055805488128,-0.19551434912379917,-0.1941299765734903,-0.19267158672380275,-0.1967970226732265,-0.19367165467946748,-0.19184280432274303,-0.209232908482265,-0.21709161768572385,-0.23051463122305232,-0.19588921248606214,-0.19456394808096386,-0.19364027895013772,-0.19364027895013772,-0.19172574011895183,-0.19350661282347476,-0.19423370224400982,-0.19422151863186574,-0.19798962204993287,-0.19798962204993306,-0.20111448386486983,-0.20266011443999984,-0.2063540955227341,-0.19470169438215412,-0.19438131340764891,-0.19386514405983563,Inf,-0.19338457259807848,-0.19338457259807826,-0.19285060430723688,-0.1917508797953073,-0.18999767375765317,-0.19356563327427034,-0.1936560587204916,-0.190922309140753,-0.19480704888575942,-0.1947244519731464,-0.19520845964836117,-0.20641250496791025,-0.21190877188437784,-0.28267529177701023,-0.15174936977182946,-0.18139118156426323,-0.19391956727889992,-0.1909924303722117,-0.19760540145578287,-0.2032736623845578,-0.20298435639817333,-0.19405594456439643,-0.1940538812586754,-0.19404545960267036,-0.19404373316318932,-0.19539598095748534,-0.2119087718843774,-0.1936560587204916,-0.19466682404483168,-0.1941862394187142,-0.19356563327427034,-0.19457722561752924,-0.19428588814248343,-0.18856792797358005,-0.19404086980014815
-0.2818893244069878,-0.28008116617876466,-0.24314318562063733,-0.22427541017877345,-0.22440491244287072,-0.2204395846835687,-0.21929464904973558,-0.23657741697699658,-0.22330791831709548,-0.22379429644234752,-0.2225450491538135,-0.2229898443912358,-0.22040244806749984,-0.23111020117636025,-0.33805299175230047,-0.2610463510271832,-0.2685132994456156,-0.2331845030399207,-0.22422477296406054,-0.22502479003782455,-0.22296088467986172,-0.2232707140469112,-0.22658786391220206,-0.2228608756561286,-0.22085620840166217,-0.23830345563848415,-0.24629209360013687,-0.2507826011809274,-0.22557628326248444,-0.22362657461162333,-0.22226768676405342,-0.22226768676405342,-0.21916145014784694,-0.22200353121965205,-0.2231542901249452,-0.22313547587470323,-0.2291431475431568,-0.22914314754315684,-0.23411837040085903,-0.23657923331972253,-0.24153051501119932,-0.2238769757369119,-0.22338223511682193,-0.2225851530066778,Inf,-0.22184304207654365,-0.22184304207654335,-0.22101847437639421,-0.2188824409124944,-0.2157605362751232,-0.22200534087291074,-0.22216618821890483,-0.21801077610436756,-0.22422513589063012,-0.22407740706123455,-0.22494307969978727,-0.2428728231359689,-0.251765572294294,-0.2826752917770103,-0.28267529177700934,-0.2015871815642633,-0.2226448548826749,-0.2181410107590443,-0.22837029678873386,-0.23713825624275284,-0.23978573492794195,-0.22237419851176163,-0.22250138162779942,-0.22302049638713584,-0.22312691491279982,-0.2252784712127051,-0.25176557229429347,-0.2221661882189048,-0.2239743365453872,-0.22311478620632624,-0.2220053408729106,-0.22381349178860302,-0.2233202773231292,-0.2138129409203874,-0.22330341393097466
-0.28499329492708675,-0.2831805672444753,-0.2472669783844234,-0.22728915731626206,-0.22742408007562956,-0.2232538268280807,-0.2222000857923811,-0.23808853275862404,-0.2264541839218668,-0.2266842326956434,-0.22548830390440303,-0.22591322111548764,-0.22407619929307815,-0.23413136193924655,-0.34041848865334423,-0.26421393189601383,-0.2717224927089822,-0.23581474895532206,-0.22732854366088215,-0.22821635582160082,-0.22591961054572127,-0.2268353150267411,-0.22987550804261583,-0.22594237637313147,-0.22387746597576244,-0.24134429311995342,-0.24937745078845783,-0.2508072614753169,-0.22882837074911147,-0.22666469811404044,-0.22515668385323329,-0.22515668385323329,-0.22164211549598303,-0.22484781649363633,-0.22614374450179509,-0.2261226582829108,-0.23289771142539373,-0.23289771142539387,-0.23850695505216127,-0.24128141964174513,-0.24666351168886466,-0.22695370008346846,-0.22639921564364157,-0.22550587960169877,Inf,-0.22467415294195892,-0.2246741529419586,-0.22375001220891427,-0.22125889053058936,-0.21766800534360922,-0.22483002303538602,-0.22501500023821405,-0.2203724596374884,-0.22738505687906369,-0.22721501078994716,-0.22821145980564359,-0.24844574392002436,-0.25850228772886824,-0.2757551917770103,-0.2757551917770093,-0.24076339979251632,-0.22556739019396826,-0.2205232919798266,-0.23199169768958314,-0.24182175972651665,-0.24547551904181852,-0.22515726493784413,-0.2253287339601609,-0.22602860752063636,-0.22617208160053384,-0.22859751860897895,-0.25850228772886774,-0.22501500023821402,-0.22709636950513631,-0.22610696767914043,-0.224830023035386,-0.22691111240310313,-0.22634872538061512,-0.21554297035657283,-0.22641003861109613
-0.28406832160350026,-0.282301096061507,-0.24864092559155293,-0.22801377993675467,-0.22816381604448685,-0.22371973676034365,-0.22185756013620977,-0.25003537521633734,-0.22878169407836002,-0.22707935323848813,-0.22607188027975908,-0.2264708386603596,-0.22680245588426393,-0.2377533017934048,-0.3370373863827306,-0.2677759683276282,-0.2758716007383178,-0.23570012017557535,-0.22760061908480475,-0.22831854690894812,-0.2264908236336632,-0.22456667019851614,-0.2322097293973941,-0.22639828575712279,-0.22455917165697056,-0.2431182218555647,-0.2517794677589078,-0.24857695513249062,-0.22881345176009968,-0.22706380148971167,-0.22584434827095637,-0.22584434827095637,-0.22331402013050922,-0.22566724881013883,-0.22662424424787145,-0.22660839245084508,-0.23158524263877556,-0.2315852426387756,-0.23570979767323008,-0.23774990016339037,-0.24262536258183065,-0.22723313726712652,-0.22681629748932208,-0.22614472229174887,Inf,-0.2255194626250428,-0.2255194626250426,-0.22482472966203582,-0.2231999517813683,-0.22073524602485098,-0.2257030714537246,-0.22583011797959365,-0.22225360080488382,-0.22745237565517662,-0.22733597071419515,-0.22801808924726902,-0.24456980298439188,-0.25265435590008456,-0.25533273150181457,-0.25533273150181374,-0.2350451529793023,-0.22668250144386456,-0.21729679366571963,-0.23696089056811376,-0.2538158307701654,-0.2627146700200996,-0.2263929653378255,-0.2263902815387174,-0.22637932725664275,-0.22637708162881745,-0.22828236555289363,-0.2526543559000841,-0.22583011797959365,-0.22725475489895286,-0.22657746051505784,-0.2257030714537246,-0.22712821976672468,-0.22455867140747993,-0.2251212449174281,-0.22637335717291274
-0.29476669386713517,-0.29305220674923577,-0.2630012372391495,-0.24068635756562998,-0.24085963809829464,-0.23591072558618875,-0.233104064896602,-0.27563307797217546,-0.24670182931620796,-0.2384088078827158,-0.23850917821671977,-0.23865440061579796,-0.23985898154862875,-0.2507904899252666,-0.3441033938435349,-0.2840850066096772,-0.2929412760502873,-0.24702481184378744,-0.23977540018725224,-0.24034887834795457,-0.2389274564356714,-0.23390944860149632,-0.25070000012798177,-0.23933525460524827,-0.23797608506625803,-0.2571105053629923,-0.2665855313424454,-0.25958032792713553,-0.24074420656092602,-0.23934659222534624,-0.23837249738539662,-0.23837249738539662,-0.23675537999221527,-0.238325230852946,-0.2389672226887763,-0.2389564133772636,-0.24227866199306036,-0.24227866199306042,-0.245034539716009,-0.2463976620305857,-0.25097426178323007,-0.23938242572929655,-0.23909818344422998,-0.23864023754051197,Inf,-0.23821387411291245,-0.23821387411291228,-0.237740136971135,-0.23674013676147931,-0.23516165898308553,-0.23836799442202064,-0.23844939833408055,-0.23586461549764076,-0.23948620053184774,-0.2394117992977416,-0.2398477813122463,-0.2534710990010743,-0.25999158810346756,-0.26071899762490763,-0.26071899762490686,-0.24536039041659996,-0.23903079473251818,-0.2758435857173553,-0.2638408905681138,-0.3037358307701653,-0.26539318349714414,-0.23952693805581243,-0.2393401173251824,-0.23857758373077365,-0.23842126434391986,-0.24001669581980717,-0.25999158810346706,-0.23844939833408058,-0.23935988950051099,-0.2389269908830631,-0.23836799442202058,-0.23927914851151108,-0.2374114188584102,-0.23781666531842155,-0.23816200292182146
-0.26695452119525753,-0.2653306782437696,-0.2414830228834563,-0.21626735036525963,-0.21648058225327668,-0.21066398763061014,-0.20623399495352618,-0.27342912958377236,-0.2313020617562593,-0.21168130805248228,-0.2136857840458708,-0.21339489772670783,-0.21609988503425595,-0.22699815702690412,-0.3100480941667922,-0.26591616615694913,-0.2760797804927349,-0.22028912564852712,-0.21450080520708403,-0.21482601050874683,-0.2141029190641231,-0.20376734898161855,-0.2362801529461795,-0.215370669812964,-0.21483640498847084,-0.2349597426413836,-0.2458334531266509,-0.23229237491793192,-0.21505019137484627,-0.21425763880221815,-0.2137052536758408,-0.2137052536758408,-0.21365771725452268,-0.21388113748902085,-0.21398171688408174,-0.21397957434454545,-0.21445797650823756,-0.2144579765082376,-0.2148614401020354,-0.21506100273982792,-0.21912393228563526,-0.21406401527365163,-0.2140076749292279,-0.21391690437432348,Inf,-0.2138323938576884,-0.2138323938576882,-0.2137384932836491,-0.213812329696045,-0.21375705625505106,-0.21393583077377937,-0.21393878644335496,-0.2130585470008168,-0.21396933703862636,-0.213967129675712,-0.2139800645489262,-0.22257020152974702,-0.226402455953032,-0.22377664252397383,-0.22377664252397314,-0.21688970476195532,-0.21405442382239154,-0.22964358571735533,-0.19567628436277057,-0.34333583077016516,-0.22379687853581445,-0.21590095366485254,-0.2153976475831694,-0.21334333704568637,-0.2129222033855024,-0.21398507596606475,-0.2264024559530316,-0.2139387864433549,-0.21396558959693923,-0.21395274620307217,-0.21393583077377937,-0.213963557291613,-0.21330207853969668,-0.2134369191326293,-0.2122237378027586
-0.2739433117149513,-0.27185206170435,-0.2712285297506968,-0.21154980692534392,-0.2120896299039466,-0.1921117908540447,-0.1996561062815374,-0.08420415079855936,-0.19920910344164305,-0.20041342152571495,-0.20443695043556806,-0.20440908217711684,-0.2074122913996671,-0.215669125278116,-0.305741258464936,-0.24587880621095404,-0.2537406551523238,-0.20440683117220831,-0.20588148415630547,-0.20599980153454903,-0.2060702805616907,-0.25985543741863365,-0.2107576429330398,-0.20889732751458281,-0.2046658196263118,-0.22193311943026625,-0.23034424823179508,-0.21935772060324385,-0.20608136383440626,-0.205793014468531,-0.20559204369837547,-0.20559204369837547,-0.21372494413950238,-0.20755593081807153,-0.2049379051004363,-0.20498662639879764,-0.19187356049414062,-0.19187356049414064,-0.18092758218820096,-0.17551344238096206,-0.40716286135509444,-0.20306644166874446,-0.20434761976796045,-0.20641174003891993,Inf,-0.20833350718774432,-0.20833350718774402,-0.21046880401977108,-0.20806909476631572,-0.20864361513213173,-0.20578826925859559,-0.20575597080706443,-0.21262546822485234,-0.20552471936907507,-0.20554169597097743,-0.20544221518701208,-0.2127594095829921,-0.215906002402183,-0.2120088613158709,-0.21200886131587024,-0.20757426958480615,-0.20568229741762337,-0.2061949989252331,-0.20508200662084025,-0.20412801321707455,-0.20757834829705185,-0.33871555099289574,-0.16380905299866858,-0.22318887770022922,-0.23536174176404923,-0.20540367289151393,-0.2159060024021825,-0.20575597080706443,-0.20555354055894692,-0.2056523177846318,-0.20578826925859556,-0.20556274377533035,-0.2057833880917885,-0.20691771937896603,-0.2555508821625802
-0.2866353237098466,-0.2845803871091944,-0.2818175227545687,-0.22512791100228516,-0.22564020965630963,-0.2072174032496439,-0.21246122479263224,-0.1320595629800048,-0.2127260577045132,-0.213953375686971,-0.2182572733374585,-0.21820961851564818,-0.2214459117109647,-0.23009788060064645,-0.319574727555636,-0.26053277036055544,-0.26854650699237714,-0.21898082347296072,-0.21976407056040514,-0.21988547187787738,-0.21992777300879518,-0.2628054583437291,-0.22479551387934132,-0.2229551167579417,-0.21856821851922606,-0.23612446275256233,-0.24469809110569612,-0.23373098803936324,-0.21996916009685022,-0.2196732949126379,-0.21946708584485353,-0.21946708584485353,-0.22669911776607732,-0.22122274401713948,-0.21890397142089416,-0.21894687425291812,-0.20730932343974184,-0.2073093234397419,-0.19759881152986727,-0.19279576262820886,-0.3915284325201831,-0.21725600463943992,-0.21838418000898266,-0.22020179588213526,Inf,-0.22189405893644976,-0.2218940589364496,-0.2237743512190212,-0.22187251371035263,-0.2225784914571097,-0.21970939180170188,-0.21967071444573755,-0.22569134448291392,-0.21933119773539927,-0.21935588619063254,-0.21921121490154716,-0.2263900733496629,-0.2294270079539781,-0.2253849687981186,-0.225384968798118,-0.2213016385011063,-0.21956268382148753,-0.22024200158439405,-0.21876184299177168,-0.2174931356266665,-0.2211004075669195,-0.33389395099289576,-0.3044119942825159,-0.24286887770022927,-0.25907614176404925,-0.21915516424179357,-0.2294270079539776,-0.21967071444573755,-0.2193731113444958,-0.2195167594743405,-0.21970939180170188,-0.21939206666764124,-0.21962789786653747,-0.2206225221243086,-0.2859564821625803
-0.27015957963277054,-0.268190260014925,-0.26038344121898205,-0.21074132711865073,-0.21118873102366953,-0.19643226174333334,-0.19625215461553885,-0.19848939657853493,-0.19819529946249975,-0.1994768448476561,-0.2044417744882569,-0.20434746841950258,-0.20813330919288586,-0.21771689721474274,-0.30579022378574167,-0.24868276713603837,-0.25705461295673054,-0.20694226873489707,-0.2060953718383637,-0.2062240442320663,-0.20619990967270002,-0.22336079223216568,-0.21149293318362958,-0.20969949790082024,-0.20494623216918634,-0.22318372749618706,-0.23214048487343006,-0.22121917955541695,-0.20631274478066122,-0.20599915937435342,-0.2057805998487449,-0.2057805998487449,-0.2108886328206035,-0.20704531172225898,-0.2054320952658764,-0.20546127976263318,-0.19730258566920802,-0.19730258566920808,-0.19050496201021846,-0.1871426965444818,-0.30826677103949823,-0.20431107180612035,-0.2050785090325311,-0.20631493567508208,Inf,-0.20746609151469853,-0.2074660915146983,-0.20874515355871656,-0.20801716000117149,-0.20903307791437492,-0.20613155064317196,-0.2060778335938286,-0.2100970689937909,-0.2054830572982774,-0.20552592817193333,-0.20527471016345916,-0.2121274106857162,-0.2149058015313813,-0.210522132780654,-0.21052213278065346,-0.20726697984848058,-0.20588879810702101,-0.2069609509433915,-0.2046151157362443,-0.20260439984440357,-0.20658168552026604,-0.2761259509928957,-0.2580119942825159,-0.18407747709729186,-0.26858814176404927,-0.2051773796205018,-0.21490580153138072,-0.20607783359382864,-0.20555583921286308,-0.20580528053137725,-0.20613155064317196,-0.2055977873080489,-0.2058694249777342,-0.20653465867836832,-0.3112444821625802
-0.2447879243161425,-0.24290219196814922,-0.23017099523704085,-0.18740930449087828,-0.1877933520999929,-0.17661630247100854,-0.17114085118833341,-0.2540578849839964,-0.17472252040294783,-0.17605700762737658,-0.18166729824108369,-0.18152744688167075,-0.1858498071655374,-0.1963429285211773,-0.2830460078207371,-0.22782719071210242,-0.23654865606417036,-0.18590261076864098,-0.18346421554292247,-0.18359998663820337,-0.18351099137258992,-0.17556473673962633,-0.189219215392342,-0.18747162862867367,-0.18236068084037604,-0.20126327691183793,-0.21059408051304962,-0.19971748722087465,-0.18369358068964053,-0.1833626951527093,-0.18313207796030265,-0.18313207796030265,-0.18616646540616455,-0.18391748234816224,-0.1829930954852232,-0.18300888686586797,-0.17824657659582052,-0.17824657659582058,-0.17429278564728562,-0.17233714711360165,-0.21769248515426057,-0.18238652315634923,-0.18280177422146948,-0.18347078982638573,Inf,-0.18409366642406638,-0.18409366642406622,-0.18478575153260024,-0.1852037737290615,-0.18652228408924823,-0.18358909796038303,-0.1835206977621158,-0.18558598538048757,-0.18267671329393215,-0.18273733553729812,-0.18238209670148964,-0.18891637149009569,-0.19144234784725112,-0.1867251484791207,-0.18672514847912014,-0.1842785393966715,-0.18325257778664727,-0.18470825279603337,-0.18151726348030908,-0.1787821297811166,-0.18312065731523577,-0.21044095099289573,-0.2034254942825159,-0.17479097709729186,-0.16892090107432098,-0.1822444648932493,-0.1914423478472507,-0.1835206977621158,-0.18277963172228198,-0.18313235820128604,-0.18358909796038303,-0.18284402750224,-0.18315062278241548,-0.18349427475377567,-0.3266464821625802
-0.3450999591687062,-0.3432988729191299,-0.31381728330257896,-0.2884716292014089,-0.2886705507798332,-0.28297909626226514,-0.2797936620155149,-0.32805964459650083,-0.28386157609931884,-0.29347639832222966,-0.2856509834200798,-0.2860037690011092,-0.28782123624040973,-0.29883062357954276,-0.39528459913654934,-0.3278759963311448,-0.33600559501885496,-0.29429183808769904,-0.2873478428540422,-0.28796018949475477,-0.28645245610860115,-0.2808476420647349,-0.29010249518942444,-0.2931671634230475,-0.28435065314289987,-0.30311479508187733,-0.3118123803670961,-0.3062663268790177,-0.288382311765105,-0.2868899716865291,-0.28584985587418826,-0.28584985587418826,-0.28496464563872703,-0.28599555064449733,-0.28761743357933284,-0.28753161025794277,-0.29044061747205924,-0.29044061747205924,-0.29371612577669964,-0.2953362696693176,-0.30064880901261093,-0.29091404538915794,-0.2886572303315712,-0.2850212505165707,Inf,-0.2816360279301909,-0.28163602793019077,-0.27787466950087986,-0.3317722185404934,-0.3777926355544454,-0.2994273924492697,-0.29707796859084856,-0.28392249458479757,-0.31323625887204704,-0.3103063451165362,-0.32747527674518173,-0.30222671917771293,-0.30930246564899283,-0.3034715007108095,-0.3034715007108087,-0.2914443768959283,-0.2862712103990015,-0.2843414874215584,-0.288599540264982,-0.29224929984505865,-0.29321885375600815,-0.2871009577369499,-0.286896726017647,-0.2860631271633476,-0.28589223939821623,-0.33412711451578236,-0.3093024656489924,-0.2970779685908488,-0.3082621420763767,-0.29121463434020717,-0.2994273924492694,-0.271912790394213,-0.286915619210733,-0.29065440294894257,-0.28560881578775493
-0.3544041867047695,-0.3525972865511216,-0.322463733972243,-0.2975055692768945,-0.29769708572752823,-0.2921434516501689,-0.28934108119235336,-0.3317842256269714,-0.2933563916085776,-0.3016985568569988,-0.2948046030301061,-0.29516242342924903,-0.29658206793221886,-0.3072241988516127,-0.4051893931025371,-0.3364572378114228,-0.3444825527254196,-0.30360672731245575,-0.29658357225012727,-0.2972674011071268,-0.29556156266377254,-0.29129259380821115,-0.2992575173956183,-0.301393507964554,-0.29348098744530565,-0.3120136649725047,-0.3205996805418518,-0.3153701096432328,-0.2977387997732673,-0.29607225154333117,-0.29491071792852713,-0.29491071792852713,-0.2936848346261377,-0.2950180943373045,-0.29689197839072967,-0.29679565476396713,-0.3004223058193858,-0.30042230581938584,-0.30438533824918346,-0.3063455478381156,-0.3118853538712003,-0.30059192381823996,-0.29805899211904263,-0.2939781577147807,Inf,-0.2901787601659851,-0.290178760165985,-0.28595720733398977,-0.3308474523184819,-0.40220400742601414,-0.3168473924492698,-0.30408579002585623,-0.2925466974713255,-0.31891689594497935,-0.31636060892498685,-0.33134013417104385,-0.3132150360678603,-0.3211237495092978,-0.3153345003439079,-0.3153345003439072,-0.3013812598365575,-0.2953754989090925,-0.29303460937264825,-0.2982045325209927,-0.3026358952195729,-0.303993189015956,-0.2958986553167041,-0.29577609950453215,-0.29527587169974734,-0.29517332499976645,-0.3371437202049673,-0.32112374950929734,-0.30408579002585634,-0.3145770855403956,-0.2997035000407455,-0.31684739244926946,-0.3478206155473593,-0.2961595273947697,-0.30056222146761685,-0.29500324754614027
